"","date","variable","strat","type","median","mean","sd","lower_90","lower_50","lower_20","upper_20","upper_50","upper_90"
"1",2020-01-23,"R",NA,"estimate",1.69103503523452,1.63676678467869,0.840881229553293,0.636985635046913,0.830656941403245,0.997616654533642,2.35080933402415,2.44368046460414,2.63889582916074
"2",2020-01-24,"R",NA,"estimate",1.67841550370068,1.61502710326758,0.823551299770349,0.618063961877008,0.841307695491103,0.999128115856226,2.32152825137351,2.41099148583994,2.58493646431147
"3",2020-01-25,"R",NA,"estimate",1.66287101846412,1.59194883067727,0.805186365224499,0.598694099695188,0.853010472053259,1.00062531413272,2.28898141120113,2.37291719372345,2.53150595558171
"4",2020-01-26,"R",NA,"estimate",1.64756407243215,1.56775535858046,0.785891895548308,0.579163585448209,0.860633234574802,1.00208501847736,2.2546311186906,2.33061443303433,2.47002693298631
"5",2020-01-27,"R",NA,"estimate",1.63011092933788,1.54268257678662,0.765810209738046,0.559714994106396,0.868935039293387,1.00348763034365,2.22056101931306,2.28757832504006,2.40519508087988
"6",2020-01-28,"R",NA,"estimate",1.61096711556157,1.51697513534861,0.745118831521254,0.540546601613203,0.870594795880578,1.00481776966623,2.18245464638088,2.24357459758007,2.34659519180261
"7",2020-01-29,"R",NA,"estimate",1.59207150707875,1.49088334337299,0.724026952451796,0.521817511305523,0.872173947935933,1.01337271272654,2.14014574573447,2.19632791475024,2.28355917092148
"8",2020-01-30,"R",NA,"estimate",1.57359019283495,1.46466044353795,0.702770307989748,0.503655297717483,0.873407520836134,1.07889812823997,2.08794122836674,2.15034606900339,2.22229798899258
"9",2020-01-31,"R",NA,"estimate",1.5594476938775,1.4385600105244,0.681604927034254,0.486164286208568,0.874513111004891,1.08988965244604,2.04081766757737,2.10264134044064,2.16589323873401
"10",2020-02-01,"R",NA,"estimate",1.5795039502644,1.41283326551766,0.660800320312132,0.469432902745995,0.8753434291159,1.09094632049124,1.99262817324054,2.05121893728271,2.1121703082781
"11",2020-02-02,"R",NA,"estimate",1.60233995487478,1.38772616066532,0.640632713134572,0.453539002930464,0.876094943464778,1.09264810555582,1.94848638057061,1.99951549077885,2.05930157625106
"12",2020-02-03,"R",NA,"estimate",1.62603084702684,1.36347615471458,0.621378880090915,0.438552629094199,0.876771167503498,1.09372437606055,1.90434444529282,1.94762711520739,2.01053632998428
"13",2020-02-04,"R",NA,"estimate",1.66013191099627,1.34030866577339,0.603310976718,0.424536162739643,0.877376432870298,1.09465284904507,1.85901621433724,1.89827098965165,1.96252872679025
"14",2020-02-05,"R",NA,"estimate",1.70236302885779,1.31843324361367,0.586692471502225,0.411542265413175,0.877915538798715,1.0955933769393,1.81675046330387,1.85212574621044,1.91549788098198
"15",2020-02-06,"R",NA,"estimate",1.71838887825833,1.29803954870891,0.571774878096274,0.399610287174321,0.878393618462383,1.09621439810529,1.77838022053019,1.81027279638135,1.87033113151467
"16",2020-02-07,"R",NA,"estimate",1.69322950207416,1.27929325768179,0.558794537978469,0.3887619526951,0.878816216038572,1.09676649442261,1.74340807344704,1.773052816025,1.83436519667201
"17",2020-02-08,"R",NA,"estimate",1.66338728541054,1.26233203818511,0.547968326885237,0.378997127918877,0.879189530491806,1.09725733670664,1.70864515924247,1.73676998971664,1.81422451372092
"18",2020-02-09,"R",NA,"estimate",1.63159662144756,1.24726175709544,0.539487014382963,0.370290366689836,0.879520750957144,1.09769583510225,1.67615167264262,1.70390253088051,1.78791074790341
"19",2020-02-10,"R",NA,"estimate",1.60485214458474,1.23415311208847,0.533505260955498,0.362588787085762,0.879818388692056,1.09809255473764,1.64514518507159,1.67360566847831,1.75532236078448
"20",2020-02-11,"R",NA,"estimate",1.57980878638852,1.22303891290291,0.530127998119465,0.35581167279447,0.880092504889562,1.09846000134294,1.61870884889191,1.64666629930159,1.72501038210425
"21",2020-02-12,"R",NA,"estimate",1.55739412047205,1.21391228152394,0.529394163941048,0.34985205562444,0.880354743260245,1.09881266305981,1.59472379151044,1.62125178150406,1.69366453605753
"22",2020-02-13,"R",NA,"estimate",1.53845190418844,1.20672607525903,0.531260195465099,0.344580405981825,0.880618100112734,1.09916672438269,1.57494547843641,1.60048100537642,1.66994305726196
"23",2020-02-14,"R",NA,"estimate",1.52569593032951,1.201393837496,0.535586833739498,0.339850415836068,0.881147940751966,1.09953941177256,1.5586106246335,1.58352000866447,1.64880882378813
"24",2020-02-15,"R",NA,"estimate",1.51475454580036,1.1977925176667,0.542133138594247,0.335506677621575,0.881776119261405,1.09994798215335,1.54451919149135,1.56992888435665,1.62832095268055
"25",2020-02-16,"R",NA,"estimate",1.50636982414718,1.19576705211401,0.550560803671207,0.331393832379527,0.882890082016326,1.10040841830015,1.53470444755612,1.55945162558287,1.61782609862191
"26",2020-02-17,"R",NA,"estimate",1.50124870217305,1.19513666095471,0.56044999264266,0.327366500418577,0.885673106428715,1.10093394200795,1.52861286013957,1.55176843026903,1.60327690904599
"27",2020-02-18,"R",NA,"estimate",1.50058999853327,1.19570242557898,0.571325498563546,0.323299069885524,0.886135760569286,1.10153349069737,1.52366805740669,1.54552042244984,1.59609087375434
"28",2020-02-19,"R",NA,"estimate",1.50300416985272,1.19725543324104,0.582689778436212,0.319094276268453,0.88666063584227,1.10221032124129,1.52283677015502,1.54232139799192,1.59187172990892
"29",2020-02-20,"R",NA,"estimate",1.50342113429519,1.19958459324941,0.59405795821624,0.314689528865629,0.887803033722939,1.10296090390154,1.52399615649527,1.54376699254995,1.58830787801068
"30",2020-02-21,"R",NA,"estimate",1.50548581901297,1.20248321706757,0.604989571414546,0.310060164929265,0.888594128625144,1.10377424928064,1.52704626958747,1.54609628579355,1.58805448873193
"31",2020-02-22,"R",NA,"estimate",1.5108808525046,1.20575364418889,0.61511258864321,0.305219219010081,0.889265076790823,1.10463177423636,1.5313008338824,1.54878593801963,1.59331655779147
"32",2020-02-23,"R",NA,"estimate",1.51716260192532,1.20920955833222,0.624136951064579,0.300213806135482,0.889950895264032,1.10584679253597,1.5386556462223,1.55476812062963,1.59769281154605
"33",2020-02-24,"R",NA,"estimate",1.52337987690485,1.21267608894175,0.631856904426324,0.29511871779856,0.890625979108252,1.10701922879831,1.54546753396962,1.56156763457189,1.60301137654754
"34",2020-02-25,"R",NA,"estimate",1.53113067517899,1.21598821640173,0.638143449250048,0.290028204335492,0.891261110841899,1.10783277520668,1.55252889123945,1.56839799533431,1.60826546442877
"35",2020-02-26,"R",NA,"estimate",1.53908096906228,1.21898829091597,0.642929741608193,0.285047088782791,0.891825074316722,1.10855787153215,1.56055228735316,1.57589939996617,1.61801055886563
"36",2020-02-27,"R",NA,"estimate",1.54715257620186,1.2215235734133,0.646193026731963,0.280282307940156,0.892286476781353,1.10962803151897,1.56879389054299,1.58387121778155,1.62403777982403
"37",2020-02-28,"R",NA,"estimate",1.55515672515863,1.22344460897,0.647936616302283,0.275835746405468,0.892615629894039,1.11133059767355,1.5753452107257,1.59052605424797,1.63032910842343
"38",2020-02-29,"R",NA,"estimate",1.56253986488384,1.22460499597641,0.648174690533463,0.27179889600179,0.892786334233881,1.11156743754382,1.58189640889804,1.59625847626446,1.63528339893095
"39",2020-03-01,"R",NA,"estimate",1.56795498351952,1.22486279142555,0.646921609139911,0.268249521218353,0.892777422107456,1.11223210986164,1.58526952195822,1.60091967215611,1.63512720595862
"40",2020-03-02,"R",NA,"estimate",1.57126123565628,1.22408346903906,0.64418626560766,0.26525020907736,0.892573938965558,1.11301305023347,1.58784182956089,1.60296847487163,1.6355889340864
"41",2020-03-03,"R",NA,"estimate",1.5725375926304,1.22214407956027,0.639971064346174,0.262848467844327,0.892167881333557,1.11291094560096,1.58871434889958,1.60232053088587,1.63158005399168
"42",2020-03-04,"R",NA,"estimate",1.57169382965143,1.2189380835145,0.634274474197952,0.261077922644106,0.891558454001627,1.1127191432815,1.5872066969542,1.59942601791178,1.6262181466958
"43",2020-03-05,"R",NA,"estimate",1.56706484188245,1.21438024526902,0.627095836110272,0.259960126048497,0.890751855581341,1.11254546391458,1.58240333582125,1.59399182677367,1.62013452035734
"44",2020-03-06,"R",NA,"estimate",1.55980410288094,1.20841098649342,0.618441119795283,0.259506536996974,0.889760643646396,1.11133198389686,1.57515318133746,1.58597771091256,1.6104107007313
"45",2020-03-07,"R",NA,"estimate",1.54826152666952,1.20099968135655,0.608328538845865,0.259720299983954,0.888602763646968,1.10991022652953,1.56381395974596,1.57440506593095,1.59771176461007
"46",2020-03-08,"R",NA,"estimate",1.5353936414845,1.19214651520749,0.596793248082005,0.260597560185102,0.88730034634027,1.10830781731397,1.54877271790191,1.56016268089826,1.58256600508245
"47",2020-03-09,"R",NA,"estimate",1.51809638782798,1.18188270184238,0.583890680278137,0.262128166060319,0.88627453320461,1.10729868812026,1.53178808238769,1.54297400275226,1.5638013745292
"48",2020-03-10,"R",NA,"estimate",1.49676269562204,1.17026904029882,0.569698376070289,0.26429572987604,0.88739303823962,1.10542934234562,1.5109946440976,1.52199172843277,1.5447241465727
"49",2020-03-11,"R",NA,"estimate",1.47337211465085,1.15739296973968,0.554316389126223,0.267077131501773,0.885806623742421,1.1034770573867,1.48737260341815,1.49855541625813,1.52130784124635
"50",2020-03-12,"R",NA,"estimate",1.44741790817091,1.1433644316923,0.537866496583578,0.270441655054234,0.884179769485164,1.10147424012032,1.46152276508771,1.47245445987236,1.49466312547971
"51",2020-03-13,"R",NA,"estimate",1.42124642595177,1.12831095747149,0.520490514147015,0.27435003394509,0.882536699328177,1.09945106274313,1.4335343351449,1.44377059977928,1.46607186607273
"52",2020-03-14,"R",NA,"estimate",1.39229954576783,1.11237245457326,0.502348016177427,0.278753738690561,0.880899102511817,1.09743454354759,1.40382427095665,1.41405890911599,1.4371276818532
"53",2020-03-15,"R",NA,"estimate",1.36187834902463,1.09569616438225,0.483613707868968,0.283594863271823,0.879285596469028,1.09544787716743,1.37259578725241,1.38211215909868,1.40792523908063
"54",2020-03-16,"R",NA,"estimate",1.32915592210975,1.07843220602415,0.464474605813908,0.288806939644808,0.877711375806264,1.0935099966528,1.33928173553727,1.34836953278813,1.37466393922653
"55",2020-03-17,"R",NA,"estimate",1.29623781056283,1.06073001527175,0.445127074156578,0.294316928456358,0.87624668209446,1.092073728296,1.30520014971443,1.31403463450757,1.33899766248078
"56",2020-03-18,"R",NA,"estimate",1.26222366954054,1.04273584690679,0.425773658952894,0.300048495833712,0.875014708821892,1.09263597328039,1.27062687797728,1.27868155042584,1.30323134690578
"57",2020-03-19,"R",NA,"estimate",1.22690918679128,1.0245913530999,0.406619589076076,0.30592650075032,0.873612943391003,1.09090899705515,1.23540870070531,1.24343432347593,1.26538552888943
"58",2020-03-20,"R",NA,"estimate",1.19135362725499,1.00643310201559,0.387868793061856,0.311882408057309,0.872275448283082,1.08926214617138,1.19994612795797,1.20755822212702,1.2267798878631
"59",2020-03-21,"R",NA,"estimate",1.1568491796426,0.988392783095605,0.369719335015747,0.317860144705166,0.871000271804684,1.08769299188331,1.1653506482776,1.17263444754473,1.19375694525613
"60",2020-03-22,"R",NA,"estimate",1.12390306584472,0.970597777264275,0.352358300881829,0.323821773459824,0.869782918871878,1.0861959287075,1.13108380860996,1.1379833839336,1.16121814869915
"61",2020-03-23,"R",NA,"estimate",1.09135987695317,0.953171761736821,0.335956349779503,0.329752307657074,0.86861693120742,1.07944983686866,1.09797005508019,1.10415066377986,1.13732457424006
"62",2020-03-24,"R",NA,"estimate",1.06156251082213,0.936235068220824,0.32066234382904,0.335663053324996,0.867494582408619,1.05283549074833,1.06738987266755,1.07393273678738,1.13479319211669
"63",2020-03-25,"R",NA,"estimate",1.02923564449002,0.919904605756495,0.306598630478311,0.341593036002419,0.866407669911736,1.02144418657826,1.03450433016265,1.04323131014711,1.12541506524338
"64",2020-03-26,"R",NA,"estimate",0.998267322071809,0.904293271912864,0.293857619616639,0.347608315478867,0.865553513118622,0.991688134668828,1.00342167001657,1.01250643770724,1.11941976637835
"65",2020-03-27,"R",NA,"estimate",0.970328235618631,0.889508882379787,0.282500233863975,0.353799259183572,0.864675849765543,0.964185495379701,0.976066947240606,0.984635381379457,1.12070023679922
"66",2020-03-28,"R",NA,"estimate",0.942606630579222,0.875652727113128,0.272556602563988,0.360276075941816,0.863828495254199,0.935847837195615,0.947995791642583,0.957040022138898,1.12144513358653
"67",2020-03-29,"R",NA,"estimate",0.916265373028274,0.862817898465219,0.264029042915665,0.367163060045889,0.862891718887579,0.909929338350351,0.921341326551259,0.930456371858004,1.11812364973522
"68",2020-03-30,"R",NA,"estimate",0.891872203966479,0.85108753197001,0.256896985699401,0.374592038692898,0.861830209837482,0.885433570072908,0.897042803312617,0.905298721728247,1.11269134252303
"69",2020-03-31,"R",NA,"estimate",0.870836698380424,0.840533062426749,0.251123140989317,0.382695458890489,0.855705518886502,0.866296225944916,0.874968443544715,0.881787821420596,1.11107067035305
"70",2020-04-01,"R",NA,"estimate",0.852375665328381,0.831212541553046,0.246659942673223,0.391599420550821,0.840615765221592,0.84844630511781,0.856610910511027,0.864478238372504,1.09242990605352
"71",2020-04-02,"R",NA,"estimate",0.834176365509927,0.823169005393387,0.243455214636894,0.401416800916033,0.821459581559511,0.830124422279139,0.83899793728312,0.858133104089945,1.09131542226662
"72",2020-04-03,"R",NA,"estimate",0.816172047678091,0.81642883473083,0.241456080459846,0.412240464005594,0.803417692491259,0.812079424109186,0.821238750877912,0.857417598535369,1.09027282047535
"73",2020-04-04,"R",NA,"estimate",0.799728167680628,0.811000031167957,0.240610369979667,0.424136444240419,0.787281096155218,0.79573898136286,0.804735073661379,0.856622418661157,1.10189926862804
"74",2020-04-05,"R",NA,"estimate",0.785108557898609,0.806870342495251,0.240865118751769,0.437136963523179,0.772689732265558,0.780727222144834,0.789855181382664,0.855944532854187,1.1058790366232
"75",2020-04-06,"R",NA,"estimate",0.77161524028594,0.804005216974696,0.242162168514742,0.451233204048658,0.758978415128181,0.767430210086667,0.776988648234685,0.85537035877943,1.11165264475551
"76",2020-04-07,"R",NA,"estimate",0.760053840872856,0.802345647385982,0.244431323458844,0.466367923856582,0.747309600205128,0.755731154823879,0.765594578634229,0.854912475556227,1.11115941841364
"77",2020-04-08,"R",NA,"estimate",0.750149608131387,0.801806078372373,0.247581964608574,0.482428266584969,0.737221322757902,0.74616525451105,0.756081059587551,0.854579708162379,1.11471600067575
"78",2020-04-09,"R",NA,"estimate",0.741418434498934,0.802272685514552,0.251494429206089,0.499239463258871,0.728257483533224,0.737288249516114,0.74776553302305,0.85431604157945,1.11440160099608
"79",2020-04-10,"R",NA,"estimate",0.73460204666351,0.803602474365285,0.256012764713825,0.516560510998586,0.721594735818379,0.729680040896046,0.740779149724153,0.854299850017758,1.11330912020485
"80",2020-04-11,"R",NA,"estimate",0.729167848561686,0.805623764753862,0.260940599790294,0.534083268591325,0.715913439778262,0.724239381284598,0.735515538139369,0.854720665785838,1.11448141299015
"81",2020-04-12,"R",NA,"estimate",0.725047891932125,0.808138681678513,0.266041773161704,0.55143662511318,0.712716836529592,0.720056026369041,0.730494839054516,0.855172681124435,1.11470114574253
"82",2020-04-13,"R",NA,"estimate",0.72264616613999,0.810928224068269,0.271046978617644,0.568197343774109,0.709677851272466,0.717313691600794,0.730280703168235,0.855274480012251,1.11503436830118
"83",2020-04-14,"R",NA,"estimate",0.719327267955549,0.813760285511865,0.275667000946754,0.583908731187323,0.706161022602583,0.713945599563504,0.729288338872011,0.855407839017884,1.11545008133309
"84",2020-04-15,"R",NA,"estimate",0.716167075653178,0.816400636612156,0.279612155214097,0.598107356800478,0.703199556066801,0.711670949877477,0.726349252780995,0.856367310970003,1.11591283804393
"85",2020-04-16,"R",NA,"estimate",0.714771768052299,0.818626367869059,0.282616385008397,0.610356684038852,0.700898561663826,0.709651091641777,0.725566261865295,0.857164093748754,1.11638469135752
"86",2020-04-17,"R",NA,"estimate",0.713924653707495,0.82024071163242,0.284463294704596,0.620284867857691,0.699338420147146,0.707883008350189,0.726085534718022,0.857485483572399,1.11682733487191
"87",2020-04-18,"R",NA,"estimate",0.712810501184436,0.821087642517915,0.285010445176635,0.627321452407786,0.697720406617799,0.7061193433608,0.725845705336595,0.858322007917773,1.11720427412141
"88",2020-04-19,"R",NA,"estimate",0.711537595141763,0.821064356093912,0.284207836638889,0.628141542756874,0.696027993414699,0.704684833898451,0.723950753362878,0.858929926001277,1.11748286318965
"89",2020-04-20,"R",NA,"estimate",0.710839258318463,0.820129781219867,0.28210689586325,0.629876366718264,0.694643102435022,0.703647962292569,0.722177890240577,0.859999439615908,1.11763605524276
"90",2020-04-21,"R",NA,"estimate",0.71002339543153,0.818307746548104,0.278857577664311,0.627641103491771,0.692832185332675,0.703008201639412,0.721187526286473,0.860767668019727,1.11764374280229
"91",2020-04-22,"R",NA,"estimate",0.709027934171422,0.815684229616042,0.274693235576085,0.623639586082686,0.69119600546019,0.702605554045473,0.719888425489317,0.860279252329276,1.11749360171306
"92",2020-04-23,"R",NA,"estimate",0.707653803819071,0.812399083189209,0.269905309452062,0.618769067092642,0.689440424964016,0.70116066674007,0.719297334782268,0.859557758730921,1.11718139767238
"93",2020-04-24,"R",NA,"estimate",0.706380741184057,0.808633510131716,0.264812036615283,0.612711663580209,0.687842924150084,0.699152067311437,0.71864620117875,0.858243055695692,1.11671076100913
"94",2020-04-25,"R",NA,"estimate",0.70529121807709,0.804595119624143,0.25972671168765,0.606604941705677,0.686720425105764,0.697189248230344,0.717388702318291,0.857688592817284,1.11609247917159
"95",2020-04-26,"R",NA,"estimate",0.70347122428601,0.800502520807829,0.254931049722962,0.599005526685084,0.684337674440268,0.69499660221861,0.714375545364897,0.856743173922028,1.11534339272094
"96",2020-04-27,"R",NA,"estimate",0.701616361436116,0.7965711113063,0.250657826547549,0.593406596078407,0.682488271232976,0.693131248509824,0.711778661665896,0.856065181381433,1.11448500630064
"97",2020-04-28,"R",NA,"estimate",0.698761273896476,0.79300113452626,0.247084488290629,0.589468587261208,0.680593714025127,0.691018112700322,0.709437146921814,0.855178882136952,1.11354193933305
"98",2020-04-29,"R",NA,"estimate",0.695676532641058,0.789968407884651,0.244336540292351,0.587268974938543,0.678279217045673,0.688337000870814,0.706903569791918,0.854527814032339,1.1125403419501
"99",2020-04-30,"R",NA,"estimate",0.692017929261255,0.787617549986735,0.242497112392384,0.587159398201389,0.675802476457634,0.685740132421563,0.703278816649014,0.853721920565202,1.11150639118958
"100",2020-05-01,"R",NA,"estimate",0.688599164848016,0.786057182603254,0.241617849958927,0.589377209054681,0.672998151203448,0.682275553304349,0.700529076970876,0.853313506244125,1.11046496315304
"101",2020-05-02,"R",NA,"estimate",0.685581109131255,0.785356498166614,0.241726467853299,0.594037905554908,0.669688598685014,0.679217255308364,0.697218146564917,0.854464185427203,1.10943855160962
"102",2020-05-03,"R",NA,"estimate",0.682257988184558,0.785542741204246,0.24282775552208,0.601130083153978,0.665975697962418,0.675854469384317,0.694193915507719,0.855761805624771,1.11015960813868
"103",2020-05-04,"R",NA,"estimate",0.679525730738697,0.786599481266469,0.244897097800589,0.610512422837758,0.662545104206708,0.672600765901509,0.690701513136186,0.859259002910024,1.11003079592029
"104",2020-05-05,"R",NA,"estimate",0.677526848218585,0.788465957495588,0.247868145251188,0.62009750618627,0.660024188694286,0.669581845401733,0.687994168394284,0.859907534843158,1.11189929439234
"105",2020-05-06,"R",NA,"estimate",0.675395633749817,0.791038140017288,0.251618548255631,0.629002570825276,0.658062350165636,0.667418554580867,0.686427737142338,0.859433270663387,1.11228647516007
"106",2020-05-07,"R",NA,"estimate",0.67451377038656,0.79417236719924,0.255959039025872,0.630389754969231,0.658159103329765,0.667996109360051,0.686038888401654,0.858844200512822,1.11154590773673
"107",2020-05-08,"R",NA,"estimate",0.676864586817866,0.797692379837734,0.260631082129168,0.627613168147561,0.658790838329208,0.669248849912007,0.689229454855023,0.858314123703761,1.11088146123942
"108",2020-05-09,"R",NA,"estimate",0.679831341801302,0.801400222106788,0.265316661515924,0.625059917836709,0.657957749034382,0.670907559356069,0.701013962220096,0.857842178865524,1.11029204259639
"109",2020-05-10,"R",NA,"estimate",0.683871084317505,0.805090826122701,0.269660924490358,0.623894183120711,0.657159541336086,0.670689379036494,0.712562347558375,0.86129141148165,1.13174114351589
"110",2020-05-11,"R",NA,"estimate",0.68588653122877,0.808569252474632,0.273305194892034,0.623964978177656,0.656709886916685,0.67021729821897,0.725171110443154,0.860926205881661,1.1499431369017
"111",2020-05-12,"R",NA,"estimate",0.687561958192624,0.811668728995651,0.275925224835838,0.623044109499258,0.656736401831081,0.670428581313058,0.735770628297174,0.860609474447785,1.17144056614788
"112",2020-05-13,"R",NA,"estimate",0.689509012252386,0.814267069406124,0.277268154519011,0.624024376137803,0.657107219510599,0.671814515852495,0.743821540825813,0.860336828966433,1.18900670486725
"113",2020-05-14,"R",NA,"estimate",0.689883630858925,0.816298981749654,0.277181767527681,0.624788555091359,0.658697264183531,0.672828842281246,0.749069768784682,0.860103862415792,1.20218480661618
"114",2020-05-15,"R",NA,"estimate",0.693320717671988,0.817762286291013,0.275631147715582,0.626861951035946,0.661406319325221,0.675190995666063,0.751467337718838,0.859906351019737,1.21084347716028
"115",2020-05-16,"R",NA,"estimate",0.695588584645902,0.81871706549265,0.272700338123656,0.630428847079681,0.664179865815628,0.677876822624663,0.751174170031854,0.859740387115195,1.21518620871535
"116",2020-05-17,"R",NA,"estimate",0.699522427704159,0.819278012628413,0.268579455569812,0.631565696773571,0.668041087874298,0.681452631390096,0.748539156183287,0.859602456871361,1.21572736011791
"117",2020-05-18,"R",NA,"estimate",0.704945925428332,0.819601400936142,0.263540270878472,0.637007050014353,0.67212442301031,0.686225895592016,0.74406437164633,0.859489481559416,1.2132399431761
"118",2020-05-19,"R",NA,"estimate",0.707865931923533,0.819868873214983,0.2579050013126,0.640854001286981,0.67639188313951,0.69165306911752,0.738473876934064,0.8593988427995,1.20868471298407
"119",2020-05-20,"R",NA,"estimate",0.71201907910504,0.820270500181363,0.252013715420082,0.644805409903409,0.681702955458976,0.697921059212415,0.732971994954796,0.859328410882989,1.20313175755977
"120",2020-05-21,"R",NA,"estimate",0.711718841794548,0.820989292128578,0.246195344561051,0.650319119924571,0.688120758860952,0.702533223793081,0.733081411129887,0.859276591066386,1.1976849826833
"121",2020-05-22,"R",NA,"estimate",0.717411158784517,0.822188725082557,0.240746066112848,0.653551612126688,0.694033748152408,0.705718329103364,0.734002492283739,0.859242396155508,1.19341723087644
"122",2020-05-23,"R",NA,"estimate",0.721738690241728,0.824004072092437,0.235917102680302,0.654695583019496,0.69918337501111,0.710875131413163,0.73743924633005,0.859225545532022,1.19132025429875
"123",2020-05-24,"R",NA,"estimate",0.72736155002119,0.826537607516359,0.231912104099723,0.658456322218953,0.704775614818661,0.716075604639911,0.744101092291023,0.859226582036451,1.19227035034298
"124",2020-05-25,"R",NA,"estimate",0.733762389510787,0.829857205309834,0.22889254110224,0.666262548418156,0.709625152157129,0.723120300148121,0.751659016343283,0.859246989968334,1.19700784541209
"125",2020-05-26,"R",NA,"estimate",0.740938168725928,0.833997530308929,0.226988189902801,0.674438436405989,0.714985251067294,0.730453988812698,0.759916991497758,0.859289291067564,1.20612707416339
"126",2020-05-27,"R",NA,"estimate",0.748687251289434,0.838962910074508,0.22630901466756,0.680358588368892,0.721252083185922,0.737323254852322,0.768871128389036,0.859357091748343,1.22007301843246
"127",2020-05-28,"R",NA,"estimate",0.7551567464879,0.844731024916084,0.226954671393013,0.688357035418995,0.727559995603723,0.743415704903936,0.775846536135144,0.859455054848551,1.23914111197391
"128",2020-05-29,"R",NA,"estimate",0.761364494364858,0.851256707404511,0.229018491739779,0.696227535781596,0.734548179853517,0.749211779623519,0.780810021430498,0.859588773118939,1.2634775830722
"129",2020-05-30,"R",NA,"estimate",0.766527723543628,0.85847534979472,0.232584108924856,0.702976049881823,0.740772937817681,0.756464922261945,0.787066783708937,0.859764529515083,1.29307881534034
"130",2020-05-31,"R",NA,"estimate",0.773828808687787,0.866305641441219,0.237714700933582,0.710707119624517,0.746983387871234,0.763392968534097,0.792775356630659,0.859988940467472,1.32778933756256
"131",2020-06-01,"R",NA,"estimate",0.783453397570372,0.874651573387972,0.24443681081032,0.71720924565397,0.75286220075685,0.770067331978106,0.803257150691229,0.860268491616046,1.36729905368781
"132",2020-06-02,"R",NA,"estimate",0.791004728054754,0.883403836115674,0.252722322112075,0.720122661620137,0.755671815891365,0.77486445178122,0.817294877996447,0.860608989561058,1.41114109723714
"133",2020-06-03,"R",NA,"estimate",0.798794615591676,0.892440884980105,0.262472844091844,0.721309839852335,0.758148687512592,0.777338567832119,0.832206597715928,0.861665536054496,1.45869218526295
"134",2020-06-04,"R",NA,"estimate",0.800183164980053,0.901630044883526,0.273510208503925,0.723633618516902,0.76004575853795,0.779172002653513,0.841720925200538,0.878098399121387,1.50917753314031
"135",2020-06-05,"R",NA,"estimate",0.801978082719071,0.910829063664783,0.285575241734079,0.723192991037337,0.760673313553933,0.780897443557678,0.848042403499684,0.905373415525483,1.56168227954133
"136",2020-06-06,"R",NA,"estimate",0.803169469449715,0.919888500649235,0.298335121951877,0.723847232421169,0.761821670034805,0.783292280246789,0.848703441454874,0.933022994530392,1.61517099376453
"137",2020-06-07,"R",NA,"estimate",0.804691092475739,0.928655257230293,0.311398150254968,0.722740335924974,0.76027804255288,0.784751300277002,0.849359893850578,0.960394896769827,1.66851624690541
"138",2020-06-08,"R",NA,"estimate",0.806657858734638,0.936977429917974,0.324333996643118,0.720943531277581,0.758920492899764,0.785493017317788,0.850276929648703,0.972545759374405,1.71892833438712
"139",2020-06-09,"R",NA,"estimate",0.81058869982081,0.944710505123468,0.336697350275216,0.719160094913334,0.758415778553859,0.786441763971516,0.851074471387217,0.991797530775024,1.7681440836547
"140",2020-06-10,"R",NA,"estimate",0.814006984960563,0.951724731127628,0.34805311119941,0.71586968352856,0.757673011412235,0.787993412415586,0.851844444422989,1.01374754303269,1.81305202241913
"141",2020-06-11,"R",NA,"estimate",0.823081354273008,0.957913307794062,0.358001520112316,0.714328828881037,0.758207527339849,0.788008283786656,0.854431801799966,1.03293035634756,1.84861510966593
"142",2020-06-12,"R",NA,"estimate",0.829172978620103,0.963200842276782,0.366201778039441,0.711924738585773,0.756855649710634,0.786648950912859,0.856877150822155,1.04889321069088,1.87195358067582
"143",2020-06-13,"R",NA,"estimate",0.832558116854716,0.967551349225624,0.372392742310496,0.710787779762093,0.755505826678112,0.787042001164385,0.861322689054445,1.05352767252341,1.89261501748274
"144",2020-06-14,"R",NA,"estimate",0.834282227480815,0.970974956025434,0.376409274076494,0.710402650565296,0.755259131499331,0.78799212072318,0.862083033610218,1.0557514134926,1.90259554388602
"145",2020-06-15,"R",NA,"estimate",0.836077885669574,0.973532443638799,0.378192869513975,0.711554314136226,0.755283150774848,0.788868367374649,0.862781399607705,1.05688119150986,1.9188078154825
"146",2020-06-16,"R",NA,"estimate",0.83756202401156,0.975336845578105,0.377795437998668,0.714745072540025,0.756803330529776,0.79081693082714,0.863347020775315,1.05804153249902,1.92872417363167
"147",2020-06-17,"R",NA,"estimate",0.837744348200346,0.976551558324996,0.375375556889451,0.718514174255921,0.761288822099782,0.793232027117069,0.863943021980214,1.05860019565388,1.92597082156152
"148",2020-06-18,"R",NA,"estimate",0.838399332979094,0.977384771658994,0.371187222353792,0.723702561586992,0.766228170790844,0.795873349494153,0.86441103503727,1.05927166651409,1.89996760566104
"149",2020-06-19,"R",NA,"estimate",0.838843214389956,0.978080454631413,0.365561935062785,0.730486560254894,0.771854150532754,0.801022072802306,0.864897477928301,1.05721976417518,1.87085589061045
"150",2020-06-20,"R",NA,"estimate",0.839174276576534,0.97890654997883,0.358885749397638,0.738440764927552,0.77838578034214,0.806213511260903,0.865590293242253,1.05645568102814,1.85877403858824
"151",2020-06-21,"R",NA,"estimate",0.842096046833483,0.980141345892492,0.351573492541423,0.747866171634634,0.786634822831407,0.812875362937518,0.865764121159099,1.04788459837971,1.85025461972571
"152",2020-06-22,"R",NA,"estimate",0.845641570307669,0.982059139179107,0.344042575384576,0.759252774279252,0.795441937874921,0.821945367430679,0.865845533420969,1.03935397477167,1.84178983813694
"153",2020-06-23,"R",NA,"estimate",0.848107269954619,0.984916253406048,0.336688603640985,0.771665614954395,0.804901434095588,0.831113608419893,0.866581012741568,1.03229969371338,1.83462954558115
"154",2020-06-24,"R",NA,"estimate",0.854171185363528,0.988938260677578,0.329864400348194,0.785212642960459,0.816482544129574,0.839592558005509,0.87024829143261,1.02598839082091,1.82967239930093
"155",2020-06-25,"R",NA,"estimate",0.859135196894475,0.994308953797256,0.323863226899804,0.799167853648376,0.828955537221967,0.847894364379035,0.87540114506395,1.02159881444389,1.82720320058103
"156",2020-06-26,"R",NA,"estimate",0.866086856582256,1.00116132607364,0.318906176523979,0.813164749211459,0.84208723375424,0.856921920371338,0.888194817882885,1.02172874972707,1.82878403012135
"157",2020-06-27,"R",NA,"estimate",0.877916190691819,1.00957062894509,0.315133172230034,0.82705207010911,0.854067525462576,0.866382268056046,0.902678041374326,1.02609789587326,1.83200313965723
"158",2020-06-28,"R",NA,"estimate",0.89714541550784,1.01954954618573,0.312596933984015,0.840450894871626,0.865189469466721,0.881787602512154,0.920036207697049,1.02963101566262,1.83177060907195
"159",2020-06-29,"R",NA,"estimate",0.917950599310904,1.0310456470762,0.311259744368526,0.845977034254342,0.877360788463124,0.90148614395579,0.93848319104935,1.03638246357492,1.83305196382169
"160",2020-06-30,"R",NA,"estimate",0.939714512730156,1.04394150087876,0.310993685014102,0.846699309891093,0.897393536170649,0.923376735693069,0.959066746178469,1.05148059834854,1.83271850728156
"161",2020-07-01,"R",NA,"estimate",0.96253096661926,1.05805804363397,0.311585881575182,0.847270936893026,0.916473357394857,0.946546939097991,0.977594412998789,1.054172955745,1.84175087524351
"162",2020-07-02,"R",NA,"estimate",0.981216033822607,1.07316185226701,0.312750731133817,0.846874192195069,0.936376134511745,0.969152611034774,0.998921289994931,1.05711732107076,1.86431391285258
"163",2020-07-03,"R",NA,"estimate",1.00637063646533,1.08897677848217,0.314150724023495,0.8464680021092,0.959772007242814,0.987347927057747,1.02300302638725,1.06024678485513,1.88771512397563
"164",2020-07-04,"R",NA,"estimate",1.02967311965042,1.10519986409071,0.315426195551199,0.84605554283479,0.97726798558812,1.01166547043725,1.04741649821427,1.07144138352603,1.91006381190039
"165",2020-07-05,"R",NA,"estimate",1.05123142207963,1.12152064474848,0.316232362259218,0.845640101676012,1.00180145936637,1.03437647797328,1.06564414979226,1.08755701006122,1.92995786178188
"166",2020-07-06,"R",NA,"estimate",1.06728349051428,1.13764202345616,0.31627980085377,0.845225262258025,1.02684557339021,1.05395575148105,1.08259453299475,1.11040006784778,1.94610589447312
"167",2020-07-07,"R",NA,"estimate",1.08510221577805,1.15330013374144,0.315372739835802,0.844814988085514,1.04964253257506,1.07062014539435,1.10451688429666,1.1345560401413,1.95743513095494
"168",2020-07-08,"R",NA,"estimate",1.10782937729184,1.16828030992247,0.313438728593105,0.844413598879567,1.05702501981248,1.08977198967478,1.12531701922276,1.16305149181748,1.9584567294357
"169",2020-07-09,"R",NA,"estimate",1.13051198687343,1.18242663549085,0.310543776113034,0.844025650501275,1.06087383719864,1.11109150284804,1.15137044386636,1.19209919132511,1.94384689843255
"170",2020-07-10,"R",NA,"estimate",1.16048996194373,1.19564355015348,0.306888929832814,0.843655743198741,1.06078675223039,1.12860007449365,1.18052640469368,1.22074293616317,1.93754966065542
"171",2020-07-11,"R",NA,"estimate",1.19116055896675,1.20788943659763,0.302787191800654,0.84330829259023,1.05748023019431,1.16178412085206,1.21051111889647,1.24894651834171,1.92476861602318
"172",2020-07-12,"R",NA,"estimate",1.2227477136758,1.21916360094821,0.298623140938932,0.8429873020392,1.05360996101686,1.19450548430034,1.24233886053537,1.27607634967636,1.90766928335926
"173",2020-07-13,"R",NA,"estimate",1.25396926231715,1.22948921409717,0.294801071466631,0.842696173473289,1.04881158794123,1.22530752097791,1.27205006646921,1.30306495471358,1.88617285008548
"174",2020-07-14,"R",NA,"estimate",1.28427505877955,1.23889533098556,0.291690230369586,0.842437586635775,1.04195483568016,1.25502095286366,1.30187822711863,1.32875935449896,1.86107684076239
"175",2020-07-15,"R",NA,"estimate",1.31321560473757,1.247400992366,0.289577051473039,0.842213465348878,1.023273500322,1.2868466910465,1.3293693123475,1.35334415461996,1.83315931808113
"176",2020-07-16,"R",NA,"estimate",1.34062718813771,1.2550037671801,0.288633288921234,0.842025035292709,1.00352307369375,1.31140442428771,1.35727637779702,1.38110786175445,1.80310891127203
"177",2020-07-17,"R",NA,"estimate",1.36529644305053,1.2616741447614,0.288905281024045,0.841872963077143,0.983021779336737,1.3382178537597,1.38185297493829,1.40515217710029,1.77148278574094
"178",2020-07-18,"R",NA,"estimate",1.38859493007759,1.26735616874982,0.29032406472351,0.841757553094297,0.971165660955743,1.35382742135707,1.40532220524715,1.42856320405903,1.73943453021297
"179",2020-07-19,"R",NA,"estimate",1.41084461975268,1.27197378889172,0.292730778050743,0.841678968678109,0.964086782567289,1.37731605732071,1.4257366089869,1.4479624338908,1.70575803463276
"180",2020-07-20,"R",NA,"estimate",1.42890274157887,1.27544168316612,0.295908896433141,0.841637438916874,0.964046310593229,1.39399008482299,1.44404938473949,1.46717213205026,1.67447992728389
"181",2020-07-21,"R",NA,"estimate",1.44650469493751,1.27767880539356,0.29961518980568,0.838355253524238,0.964048699914991,1.4093476982044,1.46087261289024,1.48455743892309,1.63650805241747
"182",2020-07-22,"R",NA,"estimate",1.45985505636751,1.27862265616649,0.303604013895383,0.831418022575862,0.964094797261571,1.42176455482302,1.47384887480383,1.49749961539668,1.60055752376162
"183",2020-07-23,"R",NA,"estimate",1.46978748256329,1.27824227060056,0.307643003731054,0.816821661454977,0.964185743005292,1.42349854886986,1.48504315093423,1.50546507304301,1.57855396794545
"184",2020-07-24,"R",NA,"estimate",1.47430395372855,1.27654817270739,0.31152106253606,0.795966597461543,0.964212108026857,1.41051759515442,1.49226237396077,1.5132292063512,1.57844556683147
"185",2020-07-25,"R",NA,"estimate",1.4783701844372,1.2735980425636,0.31505114537015,0.775539015677966,0.963774156530253,1.3950285093546,1.49662431365863,1.51993524190763,1.5695052405588
"186",2020-07-26,"R",NA,"estimate",1.48185150424893,1.26949750861144,0.318070745530717,0.755799345666109,0.962594264421515,1.36341282753416,1.49954087863478,1.52238344627962,1.56951962314724
"187",2020-07-27,"R",NA,"estimate",1.48052350523944,1.26439619287261,0.320442506115045,0.737042616194012,0.936550289732233,1.33337234907459,1.49909193686607,1.52177516298568,1.564634153188
"188",2020-07-28,"R",NA,"estimate",1.47431402111119,1.25847975883077,0.322056377544865,0.71957785592486,0.909484973585474,1.30548262398147,1.49854938932045,1.51926751734792,1.56342751870591
"189",2020-07-29,"R",NA,"estimate",1.47211703170536,1.25195912122798,0.322833597562196,0.703703840810668,0.884758683465524,1.28345164533209,1.49516810890066,1.51456965461147,1.558539304153
"190",2020-07-30,"R",NA,"estimate",1.467490632768,1.24505812016199,0.322731802298634,0.68968452203318,0.867169253064354,1.26406269184947,1.48900781548156,1.50863892492583,1.55017625589938
"191",2020-07-31,"R",NA,"estimate",1.45323373414425,1.23800086552283,0.321749990083745,0.677726854691833,0.867267391749067,1.24317118184376,1.48315154015863,1.5015680116253,1.54166826383975
"192",2020-08-01,"R",NA,"estimate",1.44445553624298,1.23099971223214,0.31993190306648,0.66796281114218,0.867671281445051,1.22396033412014,1.47570776853318,1.49458242324956,1.53258737592786
"193",2020-08-02,"R",NA,"estimate",1.43640693631429,1.22424454558971,0.317366578978774,0.660436439494055,0.867406204752182,1.20803033007332,1.46807517957273,1.48543746181879,1.52220420660344
"194",2020-08-03,"R",NA,"estimate",1.42581719784706,1.21789383315701,0.314185211888742,0.6550961769076,0.867819608011612,1.2003684871618,1.45972182156808,1.47621270143822,1.51080026372098
"195",2020-08-04,"R",NA,"estimate",1.42204118194706,1.21206778010704,0.310553935647318,0.651792359327241,0.868223531550703,1.19130712797135,1.45072399124061,1.46704769843684,1.49870121191462
"196",2020-08-05,"R",NA,"estimate",1.41927068267491,1.20684389765133,0.306662681327197,0.65027993233996,0.868609190656373,1.18993333011723,1.44064117398964,1.45677193067866,1.48548500599262
"197",2020-08-06,"R",NA,"estimate",1.41579716145134,1.20225530322666,0.302710899353669,0.650226585876262,0.868969368433896,1.19307018233773,1.43220491982773,1.44716155457618,1.47423941322457
"198",2020-08-07,"R",NA,"estimate",1.40972765786415,1.19829203999787,0.298891692935547,0.651226676348292,0.869299098371754,1.19814296176272,1.42420669905247,1.43885902355135,1.4639666313108
"199",2020-08-08,"R",NA,"estimate",1.40266395497615,1.19490556327868,0.295376660037361,0.652821154295568,0.869596199870632,1.20095558491599,1.41721703226881,1.43096661742752,1.45629516019168
"200",2020-08-09,"R",NA,"estimate",1.39472180286975,1.19201625958128,0.292304176793018,0.654523171620994,0.869861601564821,1.20636458151142,1.40958300374578,1.42378412657393,1.44899368669136
"201",2020-08-10,"R",NA,"estimate",1.38920676923384,1.18952346239616,0.289773575605855,0.655848138481492,0.870099405478104,1.20694121343873,1.40319682203409,1.41715776151486,1.44461237212339
"202",2020-08-11,"R",NA,"estimate",1.38469285773955,1.18731698927953,0.287846441320164,0.656345937507601,0.87031666930459,1.20918644179022,1.39838050977981,1.41133692704732,1.44067961268062
"203",2020-08-12,"R",NA,"estimate",1.38161369622828,1.18528887113652,0.286554272384785,0.655632102722489,0.870522911853864,1.20562341654053,1.39552759384194,1.40782610043479,1.43940212401357
"204",2020-08-13,"R",NA,"estimate",1.37856437078763,1.18334380339291,0.285909723885186,0.653414370623634,0.870729374941133,1.20114630924646,1.39251608928553,1.40494578818983,1.43552310636779
"205",2020-08-14,"R",NA,"estimate",1.37726438700102,1.18140700070255,0.285917451276891,0.649511339059159,0.870948100636116,1.18908968766175,1.39085745316105,1.40325907800591,1.4315813296771
"206",2020-08-15,"R",NA,"estimate",1.37846443481649,1.17942857825683,0.286580797685984,0.6438610393646,0.871190903004146,1.17306147923713,1.39077588542736,1.40244457450388,1.4281534143114
"207",2020-08-16,"R",NA,"estimate",1.37977389559873,1.17738421759248,0.287902166018036,0.636518811731317,0.871311344326204,1.15996856457827,1.391720618893,1.40283417717772,1.42605781921784
"208",2020-08-17,"R",NA,"estimate",1.38205410122941,1.17527254398823,0.289877230987464,0.627645576057877,0.870995826151033,1.15286296354328,1.3937355349965,1.40366532792724,1.42437908639666
"209",2020-08-18,"R",NA,"estimate",1.38285687584304,1.17311017928284,0.29248524807888,0.617488983936933,0.871363995905214,1.14196659491769,1.39586765833131,1.40584350642138,1.42560695983087
"210",2020-08-19,"R",NA,"estimate",1.38547641855981,1.17092572002422,0.295678842234945,0.606360712233769,0.871782085611588,1.12387915137339,1.39982803726397,1.40953474719613,1.42736545667051
"211",2020-08-20,"R",NA,"estimate",1.39040193631692,1.16875388994248,0.299376515468637,0.594613211960385,0.872054250280332,1.12197732396832,1.40344920100985,1.41239537712218,1.42816078609827
"212",2020-08-21,"R",NA,"estimate",1.39175438298786,1.1666308726519,0.303459945077397,0.58261866419558,0.872320959084911,1.11459725483071,1.40688935327998,1.41608686855314,1.43200556921813
"213",2020-08-22,"R",NA,"estimate",1.39010475850179,1.16459144257157,0.307776557468814,0.570751962241462,0.872861721372218,1.1044911863437,1.41106477000166,1.41969848673365,1.43606705608572
"214",2020-08-23,"R",NA,"estimate",1.39399395836548,1.16266808965044,0.312146498473855,0.559378516936798,0.87313857369646,1.09133088295613,1.41495203232215,1.42437805414451,1.44018383700872
"215",2020-08-24,"R",NA,"estimate",1.3970269666161,1.16089196671084,0.316372373421992,0.548846799444002,0.870116591165581,1.0902440384741,1.41880043199629,1.42794640814868,1.4453375280507
"216",2020-08-25,"R",NA,"estimate",1.39935854373912,1.15929522976006,0.320250045709111,0.539484923535418,0.870526285888407,1.08688857053067,1.42230971110505,1.43164796240853,1.44944528425973
"217",2020-08-26,"R",NA,"estimate",1.3997386777284,1.15791420577404,0.323579156064665,0.531600255478411,0.870908054605881,1.08261624900861,1.42462533703913,1.43424770918223,1.45269782851799
"218",2020-08-27,"R",NA,"estimate",1.403022884708,1.1567927948601,0.326172580012415,0.52548097545719,0.871286841339958,1.08270499696718,1.42626202355719,1.43633237942642,1.45466510508774
"219",2020-08-28,"R",NA,"estimate",1.40696434839921,1.15598556453673,0.327864570379842,0.52139861230345,0.871592789920911,1.08297675137616,1.42801217980242,1.43817789834915,1.45528020707898
"220",2020-08-29,"R",NA,"estimate",1.41147902646681,1.1555600895395,0.328517741633261,0.519610740745496,0.871809588315021,1.08311334943402,1.4284316641941,1.43888501492726,1.4558644779512
"221",2020-08-30,"R",NA,"estimate",1.41392930309222,1.15559820168603,0.328029337071167,0.520363194384322,0.872121791793165,1.08399879157135,1.42824589829846,1.43837291611422,1.45491131365931
"222",2020-08-31,"R",NA,"estimate",1.41407576408064,1.15619591998383,0.32633740754916,0.523891266211909,0.872456874188436,1.08475012343,1.42734836619291,1.43752408838325,1.45429492451037
"223",2020-09-01,"R",NA,"estimate",1.41347635715585,1.15746192037694,0.323427642644781,0.530419432288238,0.873031112975126,1.08929320191734,1.42597638544337,1.43559452535797,1.45117631642602
"224",2020-09-02,"R",NA,"estimate",1.41100821595773,1.15951447597612,0.319341620523257,0.54015916086031,0.873463694196722,1.09508635309186,1.42380841448621,1.43269627157125,1.44749915048938
"225",2020-09-03,"R",NA,"estimate",1.4092455461742,1.16247685904748,0.314187123585183,0.55330439446674,0.876609780793987,1.09871910180964,1.42101923198656,1.42909028450263,1.4428878147069
"226",2020-09-04,"R",NA,"estimate",1.40404848936739,1.16647125765167,0.308150786477564,0.570024360011437,0.878012082294999,1.11801261670962,1.41784858141315,1.42573110425909,1.43879617489735
"227",2020-09-05,"R",NA,"estimate",1.39846817504847,1.17161133670146,0.301512509733675,0.590453512611244,0.878550376802759,1.12560946011054,1.41411453575071,1.42155897189257,1.4339388679045
"228",2020-09-06,"R",NA,"estimate",1.40191587356415,1.17799367680949,0.294659522259569,0.614678681845215,0.878822608247689,1.13093654873279,1.41011593112419,1.41786704855085,1.42883006602792
"229",2020-09-07,"R",NA,"estimate",1.39884451401723,1.1856884585873,0.288095465634723,0.642723869672191,0.879127733124918,1.13330983433942,1.40681279957857,1.4139826468414,1.42717467292141
"230",2020-09-08,"R",NA,"estimate",1.39671939946946,1.19472991707653,0.282436517076293,0.674290911748653,0.879914585867903,1.13460350063929,1.40329115015122,1.41042169810353,1.42555679171783
"231",2020-09-09,"R",NA,"estimate",1.39317406287529,1.20510724855226,0.278383581525058,0.709699698632442,0.880312127145448,1.1619866839296,1.39953603019107,1.40705472887163,1.48749799598322
"232",2020-09-10,"R",NA,"estimate",1.38930958634079,1.21675677518391,0.276660161696812,0.748457727403381,0.881566488610621,1.21208790973386,1.39515401048396,1.40284625796474,1.57265195041905
"233",2020-09-11,"R",NA,"estimate",1.38645397513346,1.22955622123412,0.277914270169409,0.790084734155907,0.88207257937933,1.28081055796086,1.39197376855016,1.39961879885299,1.66371893777848
"234",2020-09-12,"R",NA,"estimate",1.38288129476045,1.24332189266445,0.282601150662048,0.834256721283873,0.908270770802723,1.35233735815009,1.38876949149652,1.39547610935095,1.76107029889496
"235",2020-09-13,"R",NA,"estimate",1.38020423300272,1.25780936472634,0.290882847325946,0.856552514822888,0.958665698536302,1.36752068300962,1.38541379066142,1.39240684281013,1.85228203166083
"236",2020-09-14,"R",NA,"estimate",1.37718383064221,1.27271798402587,0.302583172565476,0.863048948879159,0.98627321885555,1.36780302231304,1.38223905763341,1.38914309533742,1.95605955316048
"237",2020-09-15,"R",NA,"estimate",1.37441768584211,1.2876991294038,0.317213873914965,0.866626273971693,1.01444316375001,1.36604942369063,1.37915508048473,1.38584695247451,2.05806423776759
"238",2020-09-16,"R",NA,"estimate",1.37118213990993,1.30236781842668,0.334055327209985,0.867308871488325,1.0631411933189,1.36355502998368,1.37565238197299,1.3825098079021,2.16100824499764
"239",2020-09-17,"R",NA,"estimate",1.36790011410694,1.31631696330693,0.352257708975014,0.868001084153532,1.08051581114458,1.36102283377294,1.37199455116217,1.37855297653986,2.2616236732817
"240",2020-09-18,"R",NA,"estimate",1.36438558011473,1.32913341899022,0.37093368272704,0.868692080787019,1.09582452831821,1.35765564647731,1.36840364581204,1.3746706431159,2.35725679299007
"241",2020-09-19,"R",NA,"estimate",1.35989718020222,1.34041493442694,0.389229211972684,0.869371389216411,1.11460342442198,1.35319181649965,1.36401604711823,1.36954913509287,2.4459670724605
"242",2020-09-20,"R",NA,"estimate",1.35567177548335,1.34978718102482,0.406371887871178,0.870029302971094,1.13798147586844,1.34947167071791,1.35920196476241,1.36468215925366,2.52596715557239
"243",2020-09-21,"R",NA,"estimate",1.34978615154199,1.35692012812765,0.421701814268627,0.870657219449031,1.14889897253161,1.34345420272852,1.35321935900536,1.35862382786745,2.59569958124836
"244",2020-09-22,"R",NA,"estimate",1.34317706449545,1.36154310176695,0.434690617685207,0.871247914667199,1.17179016581805,1.33806912838106,1.34645929274468,1.35147007667915,2.65390604813627
"245",2020-09-23,"R",NA,"estimate",1.33543872569571,1.36345786477997,0.444952564496584,0.871795763598935,1.18762885595,1.33085902397826,1.33813424109931,1.3435319147608,2.6996862868405
"246",2020-09-24,"R",NA,"estimate",1.32599941438318,1.3625490029174,0.452249900904678,0.872296915464816,1.19648569135498,1.32186445893246,1.3290259895169,1.33487590282354,2.73254346941521
"247",2020-09-25,"R",NA,"estimate",1.31548738591825,1.35879084550768,0.456493091181118,0.872749430583354,1.20103397630291,1.31201446603812,1.3189685128644,1.32515497822353,2.7524128054497
"248",2020-09-26,"R",NA,"estimate",1.30348250753962,1.35225016738033,0.457735780919956,0.873153380429142,1.20142763578573,1.29989620594256,1.30710151551151,1.31292869298811,2.75966994303231
"249",2020-09-27,"R",NA,"estimate",1.29007670225116,1.34308408054043,0.456164039138001,0.873510906670064,1.1979585284946,1.28677010237109,1.29356395027991,1.29917620804228,2.75511641330867
"250",2020-09-28,"R",NA,"estimate",1.27533801767424,1.33153286000529,0.452079658572874,0.87382622957867,1.19104226892544,1.27173463497001,1.27856652655123,1.28385613561082,2.739940853885
"251",2020-09-29,"R",NA,"estimate",1.2589938401954,1.31790793038949,0.445877885804092,0.874105592649431,1.17921503605537,1.25550114829874,1.26192478746428,1.26734646495338,2.71565703990848
"252",2020-09-30,"R",NA,"estimate",1.24174561650648,1.30257578371349,0.438020721445073,0.874357129492654,1.16312114316912,1.23833785397888,1.24428979189541,1.24917902013156,2.68402244531061
"253",2020-10-01,"R",NA,"estimate",1.22333276845046,1.28593908690129,0.42900764980731,0.874590641615475,1.14848226910319,1.22032474420427,1.22566162034832,1.23021134486046,2.64694354661778
"254",2020-10-02,"R",NA,"estimate",1.20417357311347,1.26841655621064,0.419346116952462,0.874817281462496,1.13800707633256,1.20131367456881,1.20626054555315,1.21038044542647,2.60637575504524
"255",2020-10-03,"R",NA,"estimate",1.18440619840074,1.25042325325526,0.409524138967558,0.87504914342864,1.12410099729186,1.1813558033003,1.18628945259881,1.1901705940754,2.56422630487405
"256",2020-10-04,"R",NA,"estimate",1.1638101502373,1.2323527844659,0.399987063807455,0.875298775365869,1.11117802590811,1.16096743203534,1.16596240189755,1.16963099691351,2.52226755651354
"257",2020-10-05,"R",NA,"estimate",1.14350377499644,1.21456251674822,0.391119821647082,0.875578632987238,1.10374385395506,1.14060555258902,1.14582473159737,1.14931722990917,2.48206625685754
"258",2020-10-06,"R",NA,"estimate",1.12322309471022,1.1973624523849,0.383235156633327,0.875900508062772,1.09417058082269,1.12005697715036,1.12567021344023,1.12960339413573,2.44493184421059
"259",2020-10-07,"R",NA,"estimate",1.1037470105311,1.18100794135725,0.376567543116818,0.876274967097195,1.08831673922931,1.10066881974147,1.10579423832883,1.10990298098202,2.41188446477305
"260",2020-10-08,"R",NA,"estimate",1.08492600113933,1.16569603448868,0.371271927003425,0.87671083933028,1.07430482229405,1.08198379539042,1.08709779064323,1.09245247548367,2.3836414544255
"261",2020-10-09,"R",NA,"estimate",1.06554892777115,1.15156504258995,0.36742619406271,0.877214790949496,1.05588964973592,1.06280635662007,1.06813881436568,1.08590685432573,2.36061989118923
"262",2020-10-10,"R",NA,"estimate",1.04708391164599,1.13869676889749,0.365036346507441,0.877791016447894,1.03821016282381,1.04434494710434,1.04982304432751,1.0846060026603,2.34295245435994
"263",2020-10-11,"R",NA,"estimate",1.02938995048469,1.12712089401448,0.364043668784764,0.878441068727226,1.02098406191595,1.02690970162938,1.03207390359314,1.07690471548788,2.33051404858349
"264",2020-10-12,"R",NA,"estimate",1.01265082233158,1.11682106450842,0.364333530159748,0.879163837907892,1.00558466592184,1.01024482211261,1.01515750048542,1.07132616035322,2.32295716161398
"265",2020-10-13,"R",NA,"estimate",0.997604764900027,1.10774231551579,0.365745750913156,0.87995567622689,0.99055506087333,0.995057978772784,0.999761280637139,1.06327628720121,2.31975440103664
"266",2020-10-14,"R",NA,"estimate",0.982537845713643,1.09979950216269,0.368086545175491,0.878857030719696,0.976229201099962,0.980339814801761,0.984726179300555,1.06008801790065,2.32024684375827
"267",2020-10-15,"R",NA,"estimate",0.968807701387985,1.09288640257831,0.37114191845551,0.878882852486777,0.962773129358405,0.96654401842931,0.971471725368245,1.0597911742518,2.32369660882045
"268",2020-10-16,"R",NA,"estimate",0.955774034241172,1.08688508953087,0.374692091529928,0.877718737426775,0.950158396615961,0.953618574503623,0.958943384242343,1.06050501711358,2.32934146517552
"269",2020-10-17,"R",NA,"estimate",0.94400790791799,1.0816750740912,0.378526149139012,0.877131943355039,0.93838107254086,0.941642152097105,0.947119667961427,1.05872167954564,2.33644849806104
"270",2020-10-18,"R",NA,"estimate",0.933107819817665,1.07714164462973,0.382455796573405,0.87771131103796,0.927555228826587,0.931002283751738,0.936310226988811,1.06046614287161,2.34436316724468
"271",2020-10-19,"R",NA,"estimate",0.923263340593992,1.07318280225898,0.386326958994812,0.878569124371354,0.917807787293943,0.921231287175554,0.926774505672566,1.06233854076009,2.35254980049403
"272",2020-10-20,"R",NA,"estimate",0.914365783915903,1.06971426213314,0.390028042250993,0.879594309189536,0.909058521803355,0.912430121903164,0.918011353912993,1.0641635435892,2.36061989774079
"273",2020-10-21,"R",NA,"estimate",0.906632804908153,1.06667215732672,0.393493994079511,0.88053285332443,0.901637234370635,0.904725107787911,0.91037133516043,1.06583932308932,2.36834563653615
"274",2020-10-22,"R",NA,"estimate",0.900777246962381,1.06401332781112,0.39670580321273,0.881416239629089,0.895231498565776,0.898414170908126,0.904434323692819,1.0673358309483,2.37565753707324
"275",2020-10-23,"R",NA,"estimate",0.895400820762635,1.06171335662841,0.399685647908141,0.880715168224183,0.889675255570776,0.892638071267792,0.900810693795745,1.06868635760325,2.3826270763249
"276",2020-10-24,"R",NA,"estimate",0.89104568484349,1.05976277319634,0.402488436080168,0.876995157781822,0.884421575997778,0.887902642140523,0.897676350918043,1.06997358233817,2.38943677501503
"277",2020-10-25,"R",NA,"estimate",0.887031662014769,1.05816203021562,0.405190865652348,0.873268703007918,0.880206341851349,0.883650357234737,0.897347096105101,1.07131189375339,2.39634159356655
"278",2020-10-26,"R",NA,"estimate",0.88377354923983,1.05691594617026,0.407879318973651,0.869718336635849,0.876220305038546,0.879756898649064,0.898237480126283,1.07282804162088,2.40362616314353
"279",2020-10-27,"R",NA,"estimate",0.880774998542715,1.05602828608766,0.410637885794641,0.86612317807356,0.8728250928741,0.876768727276836,0.89908649528657,1.07464216494179,2.41156240644358
"280",2020-10-28,"R",NA,"estimate",0.877671631386527,1.05549704818688,0.413537627556444,0.863154281746255,0.869666881089969,0.873853794779138,0.899893141392262,1.07685097791616,2.42037157354845
"281",2020-10-29,"R",NA,"estimate",0.875750797385558,1.05531086588798,0.416627918390506,0.860436074293235,0.866832031232406,0.870703663676348,0.900438215738025,1.07951447239614,2.43019381743256
"282",2020-10-30,"R",NA,"estimate",0.873724641839392,1.05544675790022,0.419930392043356,0.857967040174357,0.864306825296943,0.868117205758006,0.901161929063105,1.08234468714408,2.44106736043689
"283",2020-10-31,"R",NA,"estimate",0.871884856815214,1.05586929092459,0.42343573650169,0.856127971661035,0.862182488316325,0.865928478972925,0.90184736245014,1.0854116724067,2.4529182137228
"284",2020-11-01,"R",NA,"estimate",0.869629093687881,1.05653107531206,0.427103329720893,0.854193805671472,0.860271595313355,0.863843844269186,0.902497633100578,1.08828809980705,2.46556039793333
"285",2020-11-02,"R",NA,"estimate",0.867692900615922,1.05737439826547,0.430863497802389,0.852703995957425,0.858579846592336,0.861888856417613,0.903116307630239,1.09186100367363,2.478705710258
"286",2020-11-03,"R",NA,"estimate",0.865757209764523,1.05833370984386,0.434621988349655,0.851236175736003,0.857282469168487,0.860529401509971,0.90370707602314,1.0960356089672,2.49198129889054
"287",2020-11-04,"R",NA,"estimate",0.864108449710809,1.05933861138721,0.438266078868548,0.849729876546914,0.855964232929661,0.859273409379115,0.904273401481423,1.09880013465566,2.50495265425733
"288",2020-11-05,"R",NA,"estimate",0.863133573869997,1.06031695504155,0.441671591135789,0.848534944320982,0.854884966845055,0.858184716159594,0.904818173002462,1.10175361224856,2.51714914853032
"289",2020-11-06,"R",NA,"estimate",0.861768326738799,1.06119765302476,0.444709982837097,0.847233610559254,0.853820598254879,0.857374142590454,0.905343394313164,1.1043447851377,2.52808902096662
"290",2020-11-07,"R",NA,"estimate",0.860851689671192,1.0619128254185,0.447254671728669,0.846523082196594,0.85283021786001,0.856445524934484,0.905849946067293,1.10583870958172,2.53730079673969
"291",2020-11-08,"R",NA,"estimate",0.860612823082998,1.06239899333871,0.449185844063928,0.845534256006862,0.851924583253516,0.856035085636588,0.906337456716044,1.10681524121934,2.54433859951683
"292",2020-11-09,"R",NA,"estimate",0.860435830608134,1.06259715138717,0.450393218074932,0.845002301061975,0.851335341406709,0.85572249653333,0.906804310568154,1.10667897908288,2.54878967763598
"293",2020-11-10,"R",NA,"estimate",0.860305125543687,1.06245172033432,0.45077655847993,0.84425646037428,0.851133517229403,0.855233847463415,0.90724780942268,1.10570351320775,2.55027364197678
"294",2020-11-11,"R",NA,"estimate",0.860038080428436,1.06190856886395,0.450244127631522,0.844151953557703,0.850932669986132,0.85486068400343,0.907664487788526,1.10330210628952,2.54843427107558
"295",2020-11-12,"R",NA,"estimate",0.859929322944194,1.06091247570351,0.448709654791024,0.843903411516937,0.850750318950555,0.854619294604063,0.908050562883256,1.09933206237927,2.5429260873727
"296",2020-11-13,"R",NA,"estimate",0.860012342466261,1.05940455231559,0.446088744520419,0.843665362791039,0.850419379517618,0.854601178684609,0.908402481706242,1.09364941547999,2.53339904432545
"297",2020-11-14,"R",NA,"estimate",0.860579583906727,1.05732023615901,0.442295872411395,0.843350209753265,0.850710712901023,0.854558293537101,0.9087175111812,1.0861032202544,2.51948540226886
"298",2020-11-15,"R",NA,"estimate",0.860822876079038,1.05458847610072,0.437243188831335,0.84375945265628,0.850844302930198,0.854638014615708,0.908994306256992,1.07653267796773,2.50079306738412
"299",2020-11-16,"R",NA,"estimate",0.861045111664433,1.05113265305946,0.430842242155403,0.84440440806236,0.850916767186012,0.854930326097822,0.909233387058851,1.06476872223572,2.47690923126441
"300",2020-11-17,"R",NA,"estimate",0.860980520615287,1.04687360641299,0.423009430850922,0.844256399537876,0.850947603802482,0.855006037234685,0.909437460956788,1.0506411976212,2.44741704456338
"301",2020-11-18,"R",NA,"estimate",0.861037408962975,1.04173487519968,0.413675504957768,0.844644271906071,0.851020297732505,0.855344452533348,0.909611538898317,1.03850831990419,2.41192632181261
"302",2020-11-19,"R",NA,"estimate",0.863142765973592,1.03564993008881,0.402798791207146,0.844771487311353,0.851373243768867,0.855543818550758,0.90976281642778,1.0340722346495,2.37011703120272
"303",2020-11-20,"R",NA,"estimate",0.864418179996409,1.02857080178738,0.390381072869049,0.844444229674311,0.851316926364457,0.85559533607397,0.90990031620471,1.02738296387952,2.32179181823692
"304",2020-11-21,"R",NA,"estimate",0.864558410744017,1.02047715837091,0.376484312628169,0.844131822302475,0.85107752986938,0.855536169347372,0.906038085031251,1.00134107964046,2.26693142748328
"305",2020-11-22,"R",NA,"estimate",0.863257598224723,1.01138461980112,0.361245791889495,0.843880109362269,0.85080016528079,0.85564700389718,0.899062510471753,0.973069001764076,2.20574511677972
"306",2020-11-23,"R",NA,"estimate",0.859218660107921,1.00135099983569,0.344888886948829,0.843296356961244,0.8501236572903,0.854725310280156,0.894618870497208,0.942319105641533,2.13870752379191
"307",2020-11-24,"R",NA,"estimate",0.85730839495084,0.990479294512306,0.32772671343038,0.839009504236477,0.849037090195886,0.852852080249306,0.885969261470662,0.923504728915459,2.06657434379753
"308",2020-11-25,"R",NA,"estimate",0.854826919443514,0.978916610984052,0.310156278974842,0.822248691877728,0.8471224964118,0.851153055135831,0.866230541746231,0.918319596100529,1.99037171351146
"309",2020-11-26,"R",NA,"estimate",0.852593787694933,0.96684880738278,0.292641552046393,0.788753791965008,0.845327707713899,0.849603040433088,0.857766904160089,0.916079099444795,1.9113580537792
"310",2020-11-27,"R",NA,"estimate",0.850550961368687,0.954491286755587,0.275684930282901,0.754662064100394,0.843380624272331,0.847981898446141,0.855422575621776,0.916118402382822,1.8309615702914
"311",2020-11-28,"R",NA,"estimate",0.849026023374837,0.94207700818378,0.259788025112698,0.723844965513691,0.841600241049325,0.846583578535446,0.853399068610207,0.91646610388703,1.75070065402446
"312",2020-11-29,"R",NA,"estimate",0.84792204221813,0.929843199640108,0.245404695521263,0.690443646034841,0.840488553820691,0.845032488351102,0.852520902443876,0.916853638491193,1.67209709870892
"313",2020-11-30,"R",NA,"estimate",0.846789947554242,0.918018382099416,0.232892076976009,0.658409982523695,0.839146941603205,0.843582384553053,0.850652827065923,0.914828554965251,1.59659273689293
"314",2020-12-01,"R",NA,"estimate",0.845263045747766,0.906811125538946,0.22246854411611,0.628269911986681,0.837714416395053,0.842263663333442,0.849271520893789,0.914402721971597,1.52547870723823
"315",2020-12-02,"R",NA,"estimate",0.843900248307149,0.896401521236622,0.214189374227396,0.600463466737171,0.836195083207315,0.840701169494809,0.847999950007034,0.914665891342728,1.45984357408126
"316",2020-12-03,"R",NA,"estimate",0.842395674040005,0.886935795393212,0.207948718358974,0.576452610114693,0.834313086248732,0.839186908866545,0.846199460455184,0.913859215401906,1.40054276574039
"317",2020-12-04,"R",NA,"estimate",0.84093543924397,0.878523945383418,0.203509255626987,0.554445720711351,0.832967611926179,0.837741759958126,0.844533555857839,0.914363615366895,1.34818820014496
"318",2020-12-05,"R",NA,"estimate",0.839276378636654,0.871239863848804,0.200551501259525,0.535245930527372,0.83128670634706,0.836442675064307,0.843078899971444,0.914879136861854,1.30315425271829
"319",2020-12-06,"R",NA,"estimate",0.837872911136958,0.865123187601134,0.19872870947297,0.519162990461105,0.829621610465456,0.835257322076664,0.84166041233793,0.915405611930224,1.2655947700949
"320",2020-12-07,"R",NA,"estimate",0.836626160522987,0.860182073152697,0.197714004868452,0.50616695222228,0.82832957577732,0.833958059066289,0.84034817143168,0.915945069576947,1.23589877850531
"321",2020-12-08,"R",NA,"estimate",0.835488494229947,0.856396222547623,0.197232124868381,0.496156717401176,0.826896561559567,0.832894485071581,0.839158066283972,0.913568232048496,1.2222648074569
"322",2020-12-09,"R",NA,"estimate",0.834778910070481,0.853719705194179,0.197074614527635,0.488987763411587,0.826157592490972,0.831732300513607,0.838129029351288,0.914144828280948,1.20606209861147
"323",2020-12-10,"R",NA,"estimate",0.833941882758123,0.852083384195556,0.19710140096235,0.484515006114368,0.825444301615364,0.830494349624262,0.837438602896429,0.914748918274575,1.19927144321061
"324",2020-12-11,"R",NA,"estimate",0.833087667582542,0.851397008153618,0.19723295545717,0.482200038619813,0.824763040399455,0.829711180765904,0.836707158099084,0.915385430283742,1.19840859937861
"325",2020-12-12,"R",NA,"estimate",0.832332215542433,0.851551232232735,0.19743684527545,0.481901580867495,0.824266973789607,0.829192108990509,0.836127267432404,0.916057659456979,1.19929250568461
"326",2020-12-13,"R",NA,"estimate",0.83173095940762,0.852419956991222,0.19771161455756,0.483460468601879,0.823225538085216,0.828876475976923,0.835604895317826,0.916766316763808,1.20189594816729
"327",2020-12-14,"R",NA,"estimate",0.831527287555962,0.853863401427775,0.198070297113482,0.486250967890499,0.822532687062522,0.828506516103657,0.835920289377737,0.91750876481819,1.20664476685905
"328",2020-12-15,"R",NA,"estimate",0.831236569818316,0.855732250070458,0.198525572178491,0.48996583373553,0.821948629900338,0.828039664402401,0.836060024070704,0.918278529027585,1.21734375252137
"329",2020-12-16,"R",NA,"estimate",0.83136805857216,0.857873039640579,0.199078402503996,0.494207164155865,0.821624368900699,0.827527359200495,0.835893036205332,0.919065144720993,1.22936652207263
"330",2020-12-17,"R",NA,"estimate",0.831328277152127,0.860134704474111,0.1997116241506,0.498730669338538,0.82162423691489,0.82764068751323,0.836514782157694,0.919854367254959,1.23687614591043
"331",2020-12-18,"R",NA,"estimate",0.831321474992391,0.862375926480865,0.200389194990547,0.502897102997104,0.821917400321879,0.827633397362331,0.837084030180361,0.922640147355555,1.24400309178649
"332",2020-12-19,"R",NA,"estimate",0.831745928406744,0.864472693345771,0.201060716435025,0.506555353212111,0.821852687022477,0.828037168777626,0.837457558424691,0.924326442900795,1.25399126310025
"333",2020-12-20,"R",NA,"estimate",0.832180566011614,0.866325316535408,0.2016697233534,0.509460142015831,0.822313682055228,0.828678917953686,0.838493080295766,0.925012736162943,1.26244088493511
"334",2020-12-21,"R",NA,"estimate",0.833116101986601,0.86786414038997,0.202163474053795,0.51160637817057,0.823467354748365,0.829378744474875,0.839545248411634,0.925797415212043,1.26846376532616
"335",2020-12-22,"R",NA,"estimate",0.834281928396576,0.86905329610447,0.202501824628714,0.512537047754369,0.824295586218871,0.830298173892844,0.840368775523557,0.92667308425459,1.27179957059812
"336",2020-12-23,"R",NA,"estimate",0.835062078163072,0.869892094483731,0.202663255309797,0.512427597459482,0.825033396127015,0.831438285535487,0.84133921132947,0.927072364513069,1.2723946351448
"337",2020-12-24,"R",NA,"estimate",0.83608329256059,0.870413954443859,0.202647025002868,0.511069191530014,0.826842984853925,0.832693917040659,0.841727426628065,0.92734435270632,1.27039324685418
"338",2020-12-25,"R",NA,"estimate",0.837622822579408,0.870683063215831,0.202471456103162,0.50946859457033,0.828461869522564,0.834192974576653,0.842714926085405,0.927480081857982,1.26611569523109
"339",2020-12-26,"R",NA,"estimate",0.839527453197,0.87078919936102,0.202169213308783,0.506636206439154,0.830275109940513,0.835772604910455,0.844467295904168,0.92825276290025,1.26002617582178
"340",2020-12-27,"R",NA,"estimate",0.841614266493152,0.870841284224252,0.201780960205674,0.503376826023205,0.832164228614743,0.837799616667045,0.846359498293443,0.92820686741501,1.25294970618057
"341",2020-12-28,"R",NA,"estimate",0.844087888335106,0.870960253543219,0.201348902275123,0.499679006935567,0.834629614279004,0.840342378607283,0.849111469752653,0.92723584803713,1.24518129270859
"342",2020-12-29,"R",NA,"estimate",0.847192175545124,0.87127177611871,0.200911504067496,0.495987353680231,0.837016712892167,0.843311289648001,0.852210766324474,0.927534789588675,1.24101666758126
"343",2020-12-30,"R",NA,"estimate",0.850949162754978,0.871899223457506,0.200500215933978,0.492622478670887,0.84037722641505,0.846823689099597,0.855993396386805,0.927033138622087,1.23334133918137
"344",2020-12-31,"R",NA,"estimate",0.855191395951797,0.87295714964935,0.200138499906287,0.48976449415843,0.84440423594241,0.850839642491048,0.859905084117651,0.927591991462143,1.22668438311158
"345",2021-01-01,"R",NA,"estimate",0.859724610933096,0.874545406036185,0.199842929935932,0.487624611663539,0.848931501811086,0.855614359162684,0.864266556382876,0.929356210634753,1.22191651747146
"346",2021-01-02,"R",NA,"estimate",0.864574100989512,0.876743912918753,0.199625744475449,0.486522071092519,0.854396067507242,0.860529033502437,0.869728404503312,0.92868167623328,1.220113246183
"347",2021-01-03,"R",NA,"estimate",0.870368951244817,0.879608053602671,0.19949798644965,0.486288154732698,0.859778409845155,0.866228696851498,0.875690028405761,0.927966660067467,1.22092279340338
"348",2021-01-04,"R",NA,"estimate",0.876537890933251,0.883164649872266,0.199472275088125,0.487153252226933,0.865876635795097,0.872530438412616,0.881801818988031,0.92742890716787,1.22454174894064
"349",2021-01-05,"R",NA,"estimate",0.8829316285856,0.887408522230843,0.199564298662985,0.489138075684264,0.872519729467406,0.879312961594664,0.888556429239598,0.926744510131113,1.23101949188686
"350",2021-01-06,"R",NA,"estimate",0.890091659229187,0.892299727809985,0.199792290906238,0.492202417918583,0.879029876922262,0.886229912841734,0.895969926789877,0.926105661731282,1.23823813096855
"351",2021-01-07,"R",NA,"estimate",0.897377631431915,0.897761692644924,0.200174075940039,0.496294226979024,0.886545902713255,0.893540827258094,0.902013158402037,0.925666058763942,1.24732395744317
"352",2021-01-08,"R",NA,"estimate",0.904239506759507,0.903680593595628,0.200721769119326,0.501096777286886,0.893833666587913,0.9001058517099,0.907896760200901,0.926029140328374,1.26027684738968
"353",2021-01-09,"R",NA,"estimate",0.910819151235392,0.909906468281371,0.201434906334518,0.506372096161149,0.900003989050621,0.906921505401993,0.914970562215978,0.926921118418723,1.2745567094857
"354",2021-01-10,"R",NA,"estimate",0.917482359633108,0.916256597476524,0.202293553272765,0.511982819926345,0.906682475177834,0.914106098407136,0.921404535342716,0.931356017526357,1.28934460107978
"355",2021-01-11,"R",NA,"estimate",0.924600728387137,0.922521665055702,0.203253598791067,0.517295415955087,0.91331189815441,0.920390519858127,0.927842290022481,0.937973451574798,1.30367747752353
"356",2021-01-12,"R",NA,"estimate",0.931108595257927,0.928475011543082,0.204246642143315,0.522091929255958,0.91794835794177,0.926876630141039,0.934635006652629,0.945695838077842,1.31653250108448
"357",2021-01-13,"R",NA,"estimate",0.93785411330162,0.933884936434261,0.205186347095673,0.525831292891656,0.922028918575019,0.93317253830362,0.94175254097035,0.952765483792104,1.32743938175808
"358",2021-01-14,"R",NA,"estimate",0.944713264613601,0.938529492164862,0.205981763946214,0.528132125829218,0.92488238988779,0.940344139797921,0.948831019782628,0.959732425386344,1.33462189003504
"359",2021-01-15,"R",NA,"estimate",0.950868775894774,0.942212626625054,0.206556142197055,0.528605855737579,0.925070705105946,0.946742378761046,0.955370776634933,0.966239018625726,1.33713720931598
"360",2021-01-16,"R",NA,"estimate",0.957074718049802,0.944780004146576,0.206867695952534,0.527082891438102,0.925412012480467,0.952736008417422,0.961009263469186,0.971807485272628,1.33423753734902
"361",2021-01-17,"R",NA,"estimate",0.96250168942458,0.946132527267776,0.206927294599268,0.523167284430054,0.925657119498066,0.957524272562429,0.966275842413359,0.977038950471635,1.32544479945902
"362",2021-01-18,"R",NA,"estimate",0.96706316013685,0.946235631120555,0.206807712985306,0.516958287066564,0.925948674795744,0.962205200582424,0.970773633410737,0.981203385061166,1.31061390477771
"363",2021-01-19,"R",NA,"estimate",0.970690779950914,0.945122886994001,0.20664024291715,0.508437809780714,0.926275650657564,0.965782935755597,0.974570850299107,0.984989468939527,1.28995542031852
"364",2021-01-20,"R",NA,"estimate",0.974133930203333,0.942893271067549,0.206597167892701,0.497487798488026,0.926627234319168,0.968901960075077,0.977673816577258,0.987684935984989,1.26402299363443
"365",2021-01-21,"R",NA,"estimate",0.976744629491236,0.939702452514299,0.206862412165101,0.485070353080684,0.925927304542593,0.971953760440781,0.980778754115379,0.990759935842628,1.23688172314389
"366",2021-01-22,"R",NA,"estimate",0.978653258560804,0.935749391107653,0.207596585346091,0.471062643978963,0.926296904475492,0.974292327149998,0.983017535582692,0.992320875402652,1.20669474682042
"367",2021-01-23,"R",NA,"estimate",0.98055769536547,0.931260181934009,0.208905131574103,0.45656713734273,0.9266118121332,0.976303194957719,0.985114868958832,0.994749844805019,1.19192606212515
"368",2021-01-24,"R",NA,"estimate",0.981644251522959,0.926471307654374,0.210817914641286,0.44175744377306,0.926833481278604,0.977504324983352,0.98664458741255,0.996041329727891,1.17258016642809
"369",2021-01-25,"R",NA,"estimate",0.983227879096826,0.921614248820444,0.213285007515673,0.427110366533021,0.927039756325624,0.979116359565241,0.987936033327822,0.997864647809668,1.16019673340281
"370",2021-01-26,"R",NA,"estimate",0.984610832499521,0.916902867615359,0.216188150849113,0.413061480287625,0.923828530761074,0.980436705462318,0.989323065142309,0.998037361669742,1.15617842761765
"371",2021-01-27,"R",NA,"estimate",0.9852207581181,0.912524292227519,0.219362820162946,0.399964513988488,0.924082179627153,0.980560969579533,0.989562528558434,0.99749265315044,1.15246088180408
"372",2021-01-28,"R",NA,"estimate",0.985924605604968,0.908633361594401,0.222624002493382,0.387968030851924,0.924287183121239,0.981309291161816,0.990600272401541,0.99859575177499,1.14944360389105
"373",2021-01-29,"R",NA,"estimate",0.986755227959792,0.905350170267897,0.22578977138417,0.37759302987168,0.923010324571944,0.981311706578757,0.991597440233918,0.998980328086739,1.14845688274066
"374",2021-01-30,"R",NA,"estimate",0.987866589062344,0.902759940448476,0.228699275565485,0.36880895713597,0.91974034533392,0.981080738107573,0.992631523635155,1.00024308497681,1.14856367267168
"375",2021-01-31,"R",NA,"estimate",0.989009705507365,0.900914342358623,0.231224296687392,0.361755827395629,0.918384445931872,0.98121548259432,0.993820257883549,1.00122371746678,1.14858138288581
"376",2021-02-01,"R",NA,"estimate",0.990285960208248,0.899833446542258,0.233275195443607,0.356694122970376,0.917488407018482,0.982831699547442,0.995264807614457,1.00251525404981,1.14850256538514
"377",2021-02-02,"R",NA,"estimate",0.992532354821961,0.899507670202117,0.234802710284542,0.353408121052955,0.916927396359365,0.98421262105912,0.997181569532902,1.00440072574839,1.14832152714214
"378",2021-02-03,"R",NA,"estimate",0.995112862843643,0.899899326060424,0.235796979125151,0.351799646234458,0.914280775333851,0.986143356656885,0.999159081387222,1.00614598800332,1.14803471171058
"379",2021-02-04,"R",NA,"estimate",0.997341967336649,0.900943659440622,0.23628469671521,0.351376193434201,0.914354065965856,0.988479200492632,1.00148916452868,1.00825782879531,1.14764097651787
"380",2021-02-05,"R",NA,"estimate",0.999561590071886,0.90254953976633,0.236324804407719,0.35265237172566,0.916378700509416,0.991577394735889,1.00384719459565,1.0107493772582,1.14714172180478
"381",2021-02-06,"R",NA,"estimate",1.00192140959953,0.904600230969509,0.236002741851005,0.355035307866045,0.917033552578962,0.994146357040689,1.00608226479639,1.01341591375528,1.14654084563395
"382",2021-02-07,"R",NA,"estimate",1.00453360741429,0.90695486946305,0.235423196135154,0.358025091591139,0.917129623904034,0.996871460809743,1.0084098474021,1.01520273475597,1.14584452236305
"383",2021-02-08,"R",NA,"estimate",1.00673821431361,0.909451385167736,0.234701506616604,0.36166477622332,0.917736967660619,1.00040101181035,1.01070348073274,1.01761377447848,1.14506082599613
"384",2021-02-09,"R",NA,"estimate",1.00871323136817,0.91191155958715,0.233954355583971,0.365418005197749,0.918671491661412,1.00242302571824,1.0131092148728,1.01982365653385,1.14419924114262
"385",2021-02-10,"R",NA,"estimate",1.01112118653375,0.914148681029785,0.233290885856262,0.368908555739588,0.919394580048172,1.00437398142541,1.01538065717714,1.02232229277702,1.14327011952286
"386",2021-02-11,"R",NA,"estimate",1.01327185676464,0.915977818510625,0.232805612499136,0.371741782126528,0.919325468401758,1.00648970525711,1.01756130680643,1.02425067175189,1.14228414655961
"387",2021-02-12,"R",NA,"estimate",1.01479263688498,0.917228139128556,0.232574143248027,0.373576858239643,0.91860970415136,1.00790048031428,1.019436548287,1.02624970705911,1.1412518794089
"388",2021-02-13,"R",NA,"estimate",1.01530057298004,0.917756058417496,0.232651753935666,0.37413911422423,0.917748519253445,1.00848972463252,1.02074611942279,1.02801988158205,1.14018340517268
"389",2021-02-14,"R",NA,"estimate",1.0155981268942,0.917457517436852,0.233073657785195,0.373247540287702,0.91686581412111,1.00870984336487,1.02107810680349,1.0291470746683,1.13908814786154
"390",2021-02-15,"R",NA,"estimate",1.01580424895101,0.916277510186263,0.233855046938111,0.3708353080519,0.915968588542805,1.00842187002242,1.02082681354357,1.02932072299411,1.13797482803422
"391",2021-02-16,"R",NA,"estimate",1.01517730833462,0.914215259572319,0.234989265423483,0.366959504819689,0.91276377330591,1.007249630637,1.01999628105531,1.02880172539312,1.13685155379783
"392",2021-02-17,"R",NA,"estimate",1.01384466399819,0.911324146115646,0.236443832299293,0.361798059673806,0.909812446211621,1.00550446003709,1.01929464040842,1.02799263232821,1.13572600005464
"393",2021-02-18,"R",NA,"estimate",1.01224004415131,0.907706465408695,0.238155796477291,0.355634254897933,0.907711296957052,1.00298041336844,1.01758103125612,1.02640790534218,1.13460561812924
"394",2021-02-19,"R",NA,"estimate",1.01017550272605,0.903504058565349,0.240029038985696,0.34883158988229,0.90535267910455,1.0007699251521,1.01521759666405,1.02422329329504,1.1334978127839
"395",2021-02-20,"R",NA,"estimate",1.00771381828318,0.898886550635764,0.241935929874555,0.341803423343798,0.901562568421978,0.997509969766792,1.01192443564447,1.02105859013964,1.13241002924874
"396",2021-02-21,"R",NA,"estimate",1.00387956631581,0.894039171212596,0.243724293216061,0.334848663359019,0.896577446086083,0.993393000751811,1.00904727886987,1.01720599181554,1.13134970869556
"397",2021-02-22,"R",NA,"estimate",1.00010296225955,0.88915190327907,0.245228761680483,0.328353250022872,0.894868410326929,0.989532123602183,1.00523946085113,1.0133823442433,1.13032409435738
"398",2021-02-23,"R",NA,"estimate",0.99541017693725,0.884411140098017,0.246284284804633,0.322882932941636,0.892759497465521,0.985781955422513,1.00094610885084,1.00896708587001,1.12933989867612
"399",2021-02-24,"R",NA,"estimate",0.990550964919435,0.87999433128388,0.246739313100073,0.319035489042545,0.890494367403715,0.980401222216184,0.996543738121011,1.0037035116178,1.12840287005783
"400",2021-02-25,"R",NA,"estimate",0.985544970267786,0.876067465372121,0.24646690047537,0.31663498485598,0.887243494839539,0.973541263294637,0.991275188504342,0.998590989243809,1.1275173214747
"401",2021-02-26,"R",NA,"estimate",0.980051679765529,0.872784795071783,0.245373151209059,0.316188284143629,0.887356839842915,0.968650323132303,0.985947439405728,0.993446158832844,1.12668569826627
"402",2021-02-27,"R",NA,"estimate",0.974190268429603,0.870290002638777,0.243403576240952,0.317925890073529,0.888973445726632,0.962381710566369,0.979909791869056,0.987846802225273,1.12590826621844
"403",2021-02-28,"R",NA,"estimate",0.968471863149673,0.868717995227447,0.24054872588817,0.322062410458067,0.890622172271948,0.957451666182279,0.974283604673933,0.982382785420574,1.12518299212506
"404",2021-03-01,"R",NA,"estimate",0.962895104557749,0.868196645682781,0.236850872604379,0.329069490814916,0.89164303737796,0.952850534489019,0.96889178324664,0.977094147731606,1.12450566819458
"405",2021-03-02,"R",NA,"estimate",0.957722207871351,0.868847980482109,0.23241358335605,0.339014232533242,0.896976513247592,0.949066436627757,0.964125570246833,0.972191548123303,1.12387030129129
"406",2021-03-03,"R",NA,"estimate",0.954269227399767,0.870788506476648,0.227415766231184,0.351925821408754,0.898385920217764,0.946264179645015,0.959593147027774,0.967834168061448,1.1232697520458
"407",2021-03-04,"R",NA,"estimate",0.950415674720811,0.874128527425513,0.222131038731458,0.36796485426412,0.898567661884848,0.94294410704741,0.955900520209872,0.964610551172133,1.12465032572604
"408",2021-03-05,"R",NA,"estimate",0.946366377989876,0.878970416551241,0.216951569900437,0.387225383870515,0.898124343699407,0.939026695226087,0.951926177561832,0.960884250196812,1.13034524802971
"409",2021-03-06,"R",NA,"estimate",0.942166277478394,0.885405884130572,0.212412062943565,0.409760033213353,0.897693429579809,0.935692969854945,0.947969179450702,0.956798557137602,1.1406059863448
"410",2021-03-07,"R",NA,"estimate",0.939071001944211,0.893512320495465,0.209203493295342,0.435317093762027,0.897272728369259,0.932680352050804,0.944542515123472,0.953787200311198,1.17732541898839
"411",2021-03-08,"R",NA,"estimate",0.937148983603889,0.903348320674912,0.208158535233473,0.464647142382122,0.897688453544769,0.930649462733017,0.94204181708504,0.95098766517627,1.23119375639685
"412",2021-03-09,"R",NA,"estimate",0.935559009038631,0.914948524761474,0.210187150437174,0.497577570068481,0.897291400434512,0.928884276010664,0.941152092439601,0.950612174245755,1.32113312279963
"413",2021-03-10,"R",NA,"estimate",0.934841671321092,0.928317954089137,0.216153270705837,0.534580742445801,0.898891132167457,0.928420699012277,0.940164082244605,0.949323668104919,1.42102077476921
"414",2021-03-11,"R",NA,"estimate",0.93488948254404,0.943426098977798,0.226718140147542,0.574926106294003,0.904197305413234,0.928297519774204,0.940237066823883,0.949235246097195,1.5306986929991
"415",2021-03-12,"R",NA,"estimate",0.936413508748515,0.960201122261911,0.242211676078774,0.618418698188729,0.904466051324592,0.930332255002963,0.941017109080135,0.950715448716969,1.64978101010653
"416",2021-03-13,"R",NA,"estimate",0.938003944037852,0.978524675258805,0.262588533326052,0.665552295896173,0.904541301043281,0.932404623995226,0.942997169985986,0.954036252838767,1.77761346339052
"417",2021-03-14,"R",NA,"estimate",0.940600352387345,0.998227956466115,0.287473924951351,0.714493221126449,0.904770528718951,0.934987043428557,0.945342208272788,0.956897628535705,1.91323933573901
"418",2021-03-15,"R",NA,"estimate",0.943568712202754,1.0190897425274,0.31625574962045,0.765388488829022,0.905258063677499,0.938266846783999,0.948744493453739,0.960923802115395,2.05537714475722
"419",2021-03-16,"R",NA,"estimate",0.946765994340044,1.04083714309947,0.348174976570077,0.815380872832517,0.911033220618874,0.942118390769586,0.952224162667053,0.96490006922499,2.20241566611028
"420",2021-03-17,"R",NA,"estimate",0.952135390158516,1.06314973644039,0.382391784094801,0.868723320058381,0.934898906138847,0.94758419882586,0.957941179161652,0.973984087595591,2.35243140784565
"421",2021-03-18,"R",NA,"estimate",0.958315417303851,1.08566750721593,0.418028460188673,0.88417938956029,0.944264586559018,0.95399156026962,0.965077532023106,1.01311052453728,2.50323218321004
"422",2021-03-19,"R",NA,"estimate",0.965531132275266,1.10800263720972,0.45419909646208,0.886684216604903,0.951206040809786,0.959854791792891,0.972229875327494,1.0415255352104,2.65242794550518
"423",2021-03-20,"R",NA,"estimate",0.971803706109445,1.12975473387449,0.490035102890241,0.890683205421671,0.957095937375092,0.965292720449227,0.979085658639284,1.09649143232097,2.79752678974505
"424",2021-03-21,"R",NA,"estimate",0.977327634282518,1.15052859415759,0.52471137716224,0.893776971650388,0.961751542212345,0.970467469779844,0.984370164769389,1.11117164226345,2.93605048376388
"425",2021-03-22,"R",NA,"estimate",0.982388143150418,1.16995318325291,0.55747414182679,0.894213145847535,0.966422964798496,0.975289750887137,0.989888473489539,1.12033453554844,3.06566072056352
"426",2021-03-23,"R",NA,"estimate",0.986264387594139,1.18770024678129,0.587668992557508,0.894862229020695,0.970872848388866,0.979664076574702,0.995506864806665,1.13210285242434,3.18428514177627
"427",2021-03-24,"R",NA,"estimate",0.989956252062438,1.20350092833973,0.614766524993992,0.895404680818227,0.974760783835221,0.983528116668945,0.999838596804214,1.14052809394299,3.2902315461449
"428",2021-03-25,"R",NA,"estimate",0.993143471013985,1.21715894431373,0.638382725185597,0.895982525450522,0.978122150136809,0.987220572442046,1.00320272278293,1.14481681734431,3.38227972126784
"429",2021-03-26,"R",NA,"estimate",0.996220491642289,1.22855923710002,0.658291807150125,0.896584023896609,0.981351041368801,0.990315041747057,1.00625054377397,1.16274664522105,3.45974280860096
"430",2021-03-27,"R",NA,"estimate",0.998609173116015,1.23767151219587,0.674430072394953,0.897198134102066,0.983579765476833,0.99238542792198,1.0083381312447,1.16578523706267,3.52249352107241
"431",2021-03-28,"R",NA,"estimate",1.00109907387782,1.24454857513324,0.686890395340788,0.897660299859382,0.985573884139259,0.994322274084034,1.00987315014005,1.16873491024441,3.57095422945832
"432",2021-03-29,"R",NA,"estimate",1.00234595452097,1.24931984147273,0.69590790120584,0.898270865608882,0.987250404691007,0.995956291451062,1.01104783985307,1.16577210263147,3.60605330737634
"433",2021-03-30,"R",NA,"estimate",1.00277141531663,1.252180743825,0.70183816367202,0.898868093272512,0.988561472443563,0.997091085628903,1.01095545309387,1.15472197058989,3.62915274296065
"434",2021-03-31,"R",NA,"estimate",1.00219340289409,1.2533789827417,0.705129746603514,0.896957828799688,0.989060775193753,0.997460407147152,1.01049441997194,1.14997382149272,3.64195369126259
"435",2021-04-01,"R",NA,"estimate",1.00197016682714,1.25319866871986,0.706293146391201,0.897253392674947,0.98903594919266,0.997086616264446,1.01021419092884,1.15006842281035,3.64638737141309
"436",2021-04-02,"R",NA,"estimate",1.00122567727512,1.2519434021596,0.705868197071361,0.897731459388897,0.988527153665931,0.996328501329228,1.00970158300483,1.14805710275938,3.64449866481603
"437",2021-04-03,"R",NA,"estimate",0.999930946116264,1.24991926463941,0.704391834195292,0.898230894591303,0.987858287617326,0.995163573916084,1.00817877270732,1.14655129076757,3.63832916836849
"438",2021-04-04,"R",NA,"estimate",0.99876385766435,1.24741857612174,0.702367834597181,0.898703552918965,0.986085453348776,0.994055111826081,1.00663826980559,1.14481608825982,3.62980553529277
"439",2021-04-05,"R",NA,"estimate",0.997001295311572,1.2447051350844,0.700239818038901,0.899151729527527,0.984649788948468,0.991854875093434,1.00407051525082,1.14406750287835,3.62063792073001
"440",2021-04-06,"R",NA,"estimate",0.99516707704191,1.24200152768828,0.698368476733008,0.899491102582754,0.982126035556148,0.98966882300493,1.00243277243019,1.14276583293387,3.61223244817436
"441",2021-04-07,"R",NA,"estimate",0.993229429125799,1.23947899179951,0.697013755120651,0.899904644097286,0.979546115950143,0.987433874162988,1.00073217206901,1.14214938664348,3.60562100434585
"442",2021-04-08,"R",NA,"estimate",0.99107545327502,1.23725026925341,0.696322589751029,0.900311724969951,0.976492024287244,0.985196041593485,0.998264953049248,1.14188198033782,3.60141146553062
"443",2021-04-09,"R",NA,"estimate",0.988647467220807,1.23536587723287,0.696322858421491,0.900721701282383,0.973694615007413,0.98252120089686,0.996767638863382,1.14240225115957,3.59976164275963
"444",2021-04-10,"R",NA,"estimate",0.986524724866345,1.23381425445745,0.696924337799594,0.901145034724253,0.970786479350888,0.980740887609888,0.994165657328601,1.14160770184887,3.60038060339048
"445",2021-04-11,"R",NA,"estimate",0.984093152172743,1.23252623784127,0.697927609300154,0.901592684386399,0.967848571592777,0.978091475915122,0.992362367575201,1.14217513947385,3.60256116364457
"446",2021-04-12,"R",NA,"estimate",0.982007598438765,1.23138422395741,0.699041795353537,0.902075344435603,0.964885925771168,0.975343891826416,0.990134289435177,1.14278697541829,3.60524666308888
"447",2021-04-13,"R",NA,"estimate",0.979716622776214,1.23023608661627,0.69991154593752,0.902602580038904,0.96284081415208,0.973284799055431,0.987846656316202,1.14345532040042,3.60713302656261
"448",2021-04-14,"R",NA,"estimate",0.977068942117191,1.22891340733592,0.70015269123124,0.903181936041396,0.960881289465641,0.971197635758624,0.98503730329131,1.14418972378581,3.6068032330825
"449",2021-04-15,"R",NA,"estimate",0.974667749941028,1.22725285084401,0.69939446110836,0.903818106859636,0.959012179176929,0.969352841777045,0.98396991821197,1.14416747107883,3.60288582521159
"450",2021-04-16,"R",NA,"estimate",0.972924392437872,1.22511870432392,0.697324409776823,0.904512259308235,0.957491052059221,0.967579286619197,0.982379855612671,1.14504660812911,3.59420964084931
"451",2021-04-17,"R",NA,"estimate",0.971355140523872,1.22242391297603,0.693730655063179,0.905261591570402,0.956387328804663,0.966159083804314,0.980765024142769,1.14523365564779,3.57995134205704
"452",2021-04-18,"R",NA,"estimate",0.97030973367307,1.21914664261222,0.688535319366101,0.906059191798445,0.955587273917727,0.964815925521297,0.979385051024394,1.14594850236081,3.55987339740973
"453",2021-04-19,"R",NA,"estimate",0.969676486545521,1.21533968501722,0.681813595346578,0.90689423095987,0.955236488358223,0.964129348846322,0.977059941047179,1.14679468610339,3.53425651960658
"454",2021-04-20,"R",NA,"estimate",0.969158194044939,1.21113094062443,0.673794765475719,0.907752489865774,0.955024262931078,0.964012356747491,0.976422391343148,1.14583607048262,3.50395855721342
"455",2021-04-21,"R",NA,"estimate",0.969727678226681,1.2067146023939,0.664844434356423,0.908617184024793,0.954466271023278,0.964376381698792,0.975548839491092,1.14692791737812,3.47035292980946
"456",2021-04-22,"R",NA,"estimate",0.969943152219046,1.20233418362548,0.655430450685097,0.909470016598095,0.954935854865335,0.965115056166004,0.976563532706552,1.14800475580046,3.43520633682298
"457",2021-04-23,"R",NA,"estimate",0.971167150486576,1.19825977987102,0.646077626450429,0.910292363604331,0.956283052810033,0.965771793092432,0.97728250618514,1.14791780274621,3.40044206496897
"458",2021-04-24,"R",NA,"estimate",0.972718351072771,1.19476262292406,0.637317716388259,0.907958953312301,0.957870606429455,0.967118587496661,0.979688267034301,1.1454129383245,3.36733752533505
"459",2021-04-25,"R",NA,"estimate",0.974408574065689,1.19208997135413,0.629640954280022,0.90855502450106,0.96015041741325,0.969037419585771,0.981226332827215,1.14441103670766,3.33864746646237
"460",2021-04-26,"R",NA,"estimate",0.976806246266482,1.19044281357421,0.623454018361783,0.908995380818918,0.962398358521085,0.97128049374838,0.983750385814746,1.14285699841448,3.3163941369385
"461",2021-04-27,"R",NA,"estimate",0.979646842589672,1.18995801679298,0.619047256819557,0.909422271913393,0.965550148998006,0.974505634728382,0.986014320046182,1.14195635489652,3.30167950595463
"462",2021-04-28,"R",NA,"estimate",0.982799670104741,1.19069574870118,0.616572100693663,0.909704395803007,0.968993730993067,0.977679933834894,0.988974301677806,1.1412504258412,3.29464550643236
"463",2021-04-29,"R",NA,"estimate",0.98679458886719,1.19263245157141,0.61602841262531,0.910065455902707,0.972427705368846,0.981009870485452,0.99336285358012,1.14170367746435,3.29528638450316
"464",2021-04-30,"R",NA,"estimate",0.99021936407791,1.19565943115648,0.617261285052009,0.910340227632095,0.976256142666946,0.984881044912307,0.997626093537918,1.14242765679363,3.30298180732823
"465",2021-05-01,"R",NA,"estimate",0.994632570459302,1.19958715017615,0.619967302421233,0.910692448202334,0.980127235354827,0.988768263535588,1.00206559542522,1.14356851972871,3.31652265215036
"466",2021-05-02,"R",NA,"estimate",0.999072676520212,1.20415539464964,0.623710978535175,0.910798657550154,0.985528342776484,0.99325500236285,1.00624504253552,1.14548418972174,3.33418040563977
"467",2021-05-03,"R",NA,"estimate",1.00373473795177,1.20904938615294,0.627952320045983,0.911144478490985,0.990364200282609,0.998001996758288,1.0107488363622,1.14688959722293,3.35382123588072
"468",2021-05-04,"R",NA,"estimate",1.00853920950643,1.21392147680364,0.632085757887159,0.911120223475017,0.995067771926861,1.00251508699614,1.01612277802339,1.1468593265884,3.37306253017052
"469",2021-05-05,"R",NA,"estimate",1.0137642220767,1.21841725550711,0.635488925295552,0.911044578501645,0.999292802032349,1.00775804087815,1.0212209781513,1.14710290202832,3.38946359717567
"470",2021-05-06,"R",NA,"estimate",1.01893782533409,1.22220386383789,0.637577323126157,0.910926148974831,1.00390256110689,1.01217229074282,1.02600899119194,1.14711404646169,3.40073442477508
"471",2021-05-07,"R",NA,"estimate",1.02336228793208,1.22499738022867,0.637858576393064,0.910772548633336,1.00857461079961,1.01685143483519,1.03080409042734,1.14676088701769,3.40493919313468
"472",2021-05-08,"R",NA,"estimate",1.02782213643999,1.22658566075669,0.635978661882359,0.910590212525556,1.01288685981158,1.02155795722272,1.03585656946094,1.14653156155933,3.40066750130644
"473",2021-05-09,"R",NA,"estimate",1.03155490815023,1.22684331795067,0.63175286606571,0.910075128406488,1.0170127027713,1.02609163745836,1.04004091642665,1.14627266076253,3.38714819621781
"474",2021-05-10,"R",NA,"estimate",1.03514464893294,1.22573664041806,0.625176474481046,0.909850046994785,1.02121233841752,1.03013585925852,1.04305145191165,1.14598943093722,3.36428882445758
"475",2021-05-11,"R",NA,"estimate",1.03866129894223,1.223317979006,0.616413809022073,0.909608939635797,1.02486916510717,1.03435739260587,1.04626018341018,1.14268382367462,3.33263642581752
"476",2021-05-12,"R",NA,"estimate",1.04235832615864,1.21971099695802,0.605768235317857,0.908848065698064,1.02833840938948,1.03775418122342,1.04929771841547,1.13925588266695,3.2932693251878
"477",2021-05-13,"R",NA,"estimate",1.04501908038041,1.21508969385406,0.593639051690313,0.908544477799542,1.03198314861975,1.04113419625295,1.05123332856554,1.13826266224109,3.24764098438376
"478",2021-05-14,"R",NA,"estimate",1.0479061044891,1.20965489512502,0.580472925186166,0.908198795108105,1.03458872589333,1.04343677482178,1.05341034697233,1.13516510107253,3.19740306016182
"479",2021-05-15,"R",NA,"estimate",1.05003505867643,1.20361183873675,0.56671749032533,0.907747110498694,1.03700435404544,1.0454929300908,1.05505474177927,1.13410533168404,3.14423468893272
"480",2021-05-16,"R",NA,"estimate",1.05167517410389,1.19715173666901,0.55278316573244,0.906815797089385,1.03854063558893,1.04720510263729,1.0564112108235,1.11925029363195,3.0896997196764
"481",2021-05-17,"R",NA,"estimate",1.05212662684373,1.19043904950074,0.539016824760528,0.905997741342486,1.03937533234808,1.04845516239435,1.0575701246316,1.09809728868826,3.03514538405185
"482",2021-05-18,"R",NA,"estimate",1.05302963398916,1.18360501919444,0.525688402137904,0.90391757976901,1.0385149395249,1.0484126804219,1.05765555381416,1.08011822213889,2.98164716289805
"483",2021-05-19,"R",NA,"estimate",1.05302256403593,1.17674700548805,0.512989389293963,0.903362934128483,1.0379265430534,1.04874109083868,1.05752414372196,1.07187003549191,2.92999721849424
"484",2021-05-20,"R",NA,"estimate",1.05181363254805,1.16993248565445,0.501040753264408,0.902808074881879,1.03658605484568,1.0477896925819,1.05676998421468,1.06898876873837,2.88072862241357
"485",2021-05-21,"R",NA,"estimate",1.05051942908485,1.16320621545112,0.489907138216477,0.899735843019832,1.03351823821362,1.0459179847981,1.05577833052276,1.06867027719713,2.83416481139374
"486",2021-05-22,"R",NA,"estimate",1.04917120493039,1.15659895633372,0.47961413989988,0.898010078824585,1.02759688409657,1.04466876004058,1.0543577436208,1.06647397633098,2.79048286012904
"487",2021-05-23,"R",NA,"estimate",1.04711445900711,1.15013627826552,0.470165788549859,0.895694253353257,1.023973262563,1.04186441622284,1.05252979112232,1.06425820304182,2.74977974545632
"488",2021-05-24,"R",NA,"estimate",1.04506742466023,1.14384618675927,0.461559960674873,0.893521021747825,1.02114091315331,1.03967723790408,1.05025480502084,1.0608391741378,2.71213233979755
"489",2021-05-25,"R",NA,"estimate",1.04211864399274,1.13776465147878,0.453800139812361,0.893380064806024,1.010897017337,1.03634471902365,1.04767760350634,1.05800164120662,2.67764408557881
"490",2021-05-26,"R",NA,"estimate",1.0393089430978,1.13193849454134,0.446902676476817,0.893279887103045,0.998838654593522,1.03266533931316,1.04492280696931,1.05507043634276,2.64647390866766
"491",2021-05-27,"R",NA,"estimate",1.03632372461303,1.12642549053266,0.440899389908269,0.892078642207629,0.988088232610213,1.02930433956425,1.04158363542933,1.05115278628597,2.61884566327646
"492",2021-05-28,"R",NA,"estimate",1.03226895810679,1.12129189273489,0.435835939919214,0.883639682100588,0.97878797630705,1.02563184959713,1.03819771085744,1.04751443283678,2.59503896156588
"493",2021-05-29,"R",NA,"estimate",1.0285457703617,1.11660788714227,0.431766810392445,0.876614979386282,0.971053657883189,1.02209059743154,1.0335521170426,1.04433304350958,2.5753643247405
"494",2021-05-30,"R",NA,"estimate",1.02433852404958,1.11244165535314,0.42874794516676,0.870181306021823,0.964998975939855,1.01770678906358,1.0298729516676,1.0410795113313,2.56012697137697
"495",2021-05-31,"R",NA,"estimate",1.02033492557631,1.10885278947881,0.426828067396323,0.866279696380261,0.960719457664141,1.01319597887762,1.02659677853449,1.03910651819949,2.54958415475864
"496",2021-06-01,"R",NA,"estimate",1.01551930307948,1.10588576240103,0.426039555062057,0.864033860471639,0.95827577951732,1.00840162089788,1.02244643133603,1.0377776093272,2.54390086973737
"497",2021-06-02,"R",NA,"estimate",1.01077675710757,1.10356405037103,0.426389537786943,0.863452864318322,0.957107527025861,1.00322967703347,1.01863064818525,1.03659801946797,2.54310820236895
"498",2021-06-03,"R",NA,"estimate",1.00613976779153,1.1018853747449,0.427851727959846,0.864488271486732,0.956131179517286,0.996006684943321,1.01586939373935,1.03617538589347,2.54706787407962
"499",2021-06-04,"R",NA,"estimate",1.00209990235132,1.10081841165114,0.430359471477685,0.867025284207437,0.956964080227537,0.990381428159469,1.01362453734357,1.03685989317375,2.55544587208613
"500",2021-06-05,"R",NA,"estimate based on partial data",0.998087997789921,1.10030123145651,0.433800604957146,0.870689188722396,0.947429385242226,0.984966963304214,1.01097550538066,1.03832719393354,2.56769757559211
"501",2021-06-06,"R",NA,"forecast",0.998087997789921,1.10030123145651,0.433800604957146,0.870689188722396,0.947429385242226,0.984966963304214,1.01097550538066,1.03832719393354,2.56769757559211
"502",2021-06-07,"R",NA,"forecast",0.998087997789921,1.10030123145651,0.433800604957146,0.870689188722396,0.947429385242226,0.984966963304214,1.01097550538066,1.03832719393354,2.56769757559211
"503",2021-06-08,"R",NA,"forecast",0.998087997789921,1.10030123145651,0.433800604957146,0.870689188722396,0.947429385242226,0.984966963304214,1.01097550538066,1.03832719393354,2.56769757559211
"504",2021-06-09,"R",NA,"forecast",0.998087997789921,1.10030123145651,0.433800604957146,0.870689188722396,0.947429385242226,0.984966963304214,1.01097550538066,1.03832719393354,2.56769757559211
"505",2021-06-10,"R",NA,"forecast",0.998087997789921,1.10030123145651,0.433800604957146,0.870689188722396,0.947429385242226,0.984966963304214,1.01097550538066,1.03832719393354,2.56769757559211
"506",2021-06-11,"R",NA,"forecast",0.998087997789921,1.10030123145651,0.433800604957146,0.870689188722396,0.947429385242226,0.984966963304214,1.01097550538066,1.03832719393354,2.56769757559211
"507",2021-06-12,"R",NA,"forecast",0.998087997789921,1.10030123145651,0.433800604957146,0.870689188722396,0.947429385242226,0.984966963304214,1.01097550538066,1.03832719393354,2.56769757559211
